Date/Time,Year,Month,Day,MeanTemp,MaxTemp,MinTemp,TotalRain,TotalSnow,TotalPrecip,Season
31-Jan-18,"2,018",1,31,-7,2,-15,0,1,1,Winter
30-Jan-18,"2,018",1,30,-11,-7,-15,0,0,0,Winter
29-Jan-18,"2,018",1,29,-4,-2,-7,0,5,5,Winter
28-Jan-18,"2,018",1,28,1,5,-3,0,0,0,Winter
27-Jan-18,"2,018",1,27,5,10,0,2,0,2,Winter
26-Jan-18,"2,018",1,26,2,6,-3,0,0,0,Winter
25-Jan-18,"2,018",1,25,-7,-3,-11,0,0,0,Winter
24-Jan-18,"2,018",1,24,-8,-5,-11,0,0,0,Winter
23-Jan-18,"2,018",1,23,1,7,-5,3,0,3,Winter
22-Jan-18,"2,018",1,22,2,2,1,14,0,14,Winter
21-Jan-18,"2,018",1,21,1,4,-2,1,0,1,Winter
20-Jan-18,"2,018",1,20,3,6,0,0,0,0,Winter
19-Jan-18,"2,018",1,19,-2,2,-6,0,0,0,Winter
18-Jan-18,"2,018",1,18,-7,-4,-9,0,0,0,Winter
17-Jan-18,"2,018",1,17,-10,-6,-14,0,0,0,Winter
16-Jan-18,"2,018",1,16,-7,-3,-10,0,2,1,Winter
15-Jan-18,"2,018",1,15,-8,-7,-9,0,4,4,Winter
14-Jan-18,"2,018",1,14,-12,-7,-17,0,0,0,Winter
13-Jan-18,"2,018",1,13,-14,-12,-17,0,0,0,Winter
12-Jan-18,"2,018",1,12,0,12,-13,10,3,14,Winter
11-Jan-18,"2,018",1,11,9,13,5,7,0,7,Winter
10-Jan-18,"2,018",1,10,1,7,-5,3,0,3,Winter
09-Jan-18,"2,018",1,9,-1,1,-3,0,0,0,Winter
08-Jan-18,"2,018",1,8,0,2,-3,1,4,4,Winter
07-Jan-18,"2,018",1,7,-12,-2,-21,0,0,0,Winter
06-Jan-18,"2,018",1,6,-20,-16,-24,0,0,0,Winter
05-Jan-18,"2,018",1,5,-19,-15,-23,0,0,0,Winter
04-Jan-18,"2,018",1,4,-15,-9,-21,0,0,0,Winter
03-Jan-18,"2,018",1,3,-10,-6,-14,0,0,0,Winter
02-Jan-18,"2,018",1,2,-11,-8,-13,0,1,1,Winter
01-Jan-18,"2,018",1,1,-15,-9,-21,0,0,0,Winter
28-Feb-18,"2,018",2,28,9,16,2,0,0,0,Winter
27-Feb-18,"2,018",2,27,6,14,-1,0,0,0,Winter
26-Feb-18,"2,018",2,26,3,8,-1,0,0,0,Winter
25-Feb-18,"2,018",2,25,7,12,1,5,0,5,Winter
24-Feb-18,"2,018",2,24,3,5,1,0,0,0,Winter
23-Feb-18,"2,018",2,23,3,6,-1,3,0,3,Winter
22-Feb-18,"2,018",2,22,-1,2,-3,0,0,0,Winter
21-Feb-18,"2,018",2,21,6,15,-2,8,0,8,Winter
20-Feb-18,"2,018",2,20,10,17,3,8,0,8,Winter
19-Feb-18,"2,018",2,19,1,4,-3,13,0,13,Winter
18-Feb-18,"2,018",2,18,0,4,-4,0,0,0,Winter
17-Feb-18,"2,018",2,17,-4,0,-8,0,0,0,Winter
16-Feb-18,"2,018",2,16,-2,3,-7,0,0,0,Winter
15-Feb-18,"2,018",2,15,5,8,3,0,0,0,Winter
14-Feb-18,"2,018",2,14,1,5,-4,0,0,0,Winter
13-Feb-18,"2,018",2,13,-8,-2,-14,0,0,0,Winter
12-Feb-18,"2,018",2,12,-8,-3,-12,0,0,0,Winter
11-Feb-18,"2,018",2,11,-4,-1,-7,0,1,3,Winter
10-Feb-18,"2,018",2,10,-6,-4,-7,0,6,6,Winter
09-Feb-18,"2,018",2,9,-8,-5,-11,0,7,6,Winter
08-Feb-18,"2,018",2,8,-10,-7,-13,0,0,0,Winter
07-Feb-18,"2,018",2,7,-9,-5,-13,0,7,7,Winter
06-Feb-18,"2,018",2,6,-8,-5,-11,0,0,0,Winter
05-Feb-18,"2,018",2,5,-11,-8,-14,0,0,0,Winter
04-Feb-18,"2,018",2,4,-4,2,-9,0,5,5,Winter
03-Feb-18,"2,018",2,3,-7,-2,-11,0,2,2,Winter
02-Feb-18,"2,018",2,2,-13,-10,-16,0,0,0,Winter
01-Feb-18,"2,018",2,1,-3,5,-10,0,0,0,Winter
31-Mar-18,"2,018",3,31,4,9,-1,5,0,5,Spring
30-Mar-18,"2,018",3,30,2,5,-2,0,0,0,Spring
29-Mar-18,"2,018",3,29,4,7,1,17,0,17,Spring
28-Mar-18,"2,018",3,28,5,8,2,0,0,0,Spring
27-Mar-18,"2,018",3,27,5,7,3,4,0,4,Spring
26-Mar-18,"2,018",3,26,3,9,-2,0,0,0,Spring
25-Mar-18,"2,018",3,25,-2,3,-8,0,0,0,Spring
24-Mar-18,"2,018",3,24,-1,3,-6,0,0,0,Spring
23-Mar-18,"2,018",3,23,0,4,-4,0,0,0,Spring
22-Mar-18,"2,018",3,22,1,5,-4,0,0,0,Spring
21-Mar-18,"2,018",3,21,0,5,-5,0,0,0,Spring
20-Mar-18,"2,018",3,20,-2,3,-8,0,0,0,Spring
19-Mar-18,"2,018",3,19,-4,0,-8,0,0,0,Spring
18-Mar-18,"2,018",3,18,2,11,-6,0,0,0,Spring
17-Mar-18,"2,018",3,17,0,6,-6,0,0,0,Spring
16-Mar-18,"2,018",3,16,-4,0,-7,0,0,0,Spring
15-Mar-18,"2,018",3,15,0,5,-5,0,1,1,Spring
14-Mar-18,"2,018",3,14,-2,1,-5,0,0,0,Spring
13-Mar-18,"2,018",3,13,-1,1,-4,0,0,0,Spring
12-Mar-18,"2,018",3,12,-2,0,-4,0,6,3,Spring
11-Mar-18,"2,018",3,11,-1,3,-5,0,0,0,Spring
10-Mar-18,"2,018",3,10,-1,2,-4,0,0,0,Spring
09-Mar-18,"2,018",3,9,0,4,-4,0,0,0,Spring
08-Mar-18,"2,018",3,8,-2,-1,-3,0,0,0,Spring
07-Mar-18,"2,018",3,7,1,3,-2,0,0,0,Spring
06-Mar-18,"2,018",3,6,0,1,-2,0,0,0,Spring
05-Mar-18,"2,018",3,5,-1,5,-6,0,0,0,Spring
04-Mar-18,"2,018",3,4,-1,2,-4,0,0,0,Spring
03-Mar-18,"2,018",3,3,0,4,-4,0,0,0,Spring
02-Mar-18,"2,018",3,2,1,4,-2,0,0,0,Spring
01-Mar-18,"2,018",3,1,2,4,-1,0,1,1,Spring
30-Apr-18,"2,018",4,30,11,20,1,0,0,0,Spring
29-Apr-18,"2,018",4,29,6,12,0,0,0,0,Spring
28-Apr-18,"2,018",4,28,5,8,1,2,0,2,Spring
27-Apr-18,"2,018",4,27,9,15,2,3,0,3,Spring
26-Apr-18,"2,018",4,26,10,16,3,1,0,1,Spring
25-Apr-18,"2,018",4,25,8,11,4,19,0,19,Spring
24-Apr-18,"2,018",4,24,12,17,7,4,0,4,Spring
23-Apr-18,"2,018",4,23,10,19,2,0,0,0,Spring
22-Apr-18,"2,018",4,22,9,17,0,0,0,0,Spring
21-Apr-18,"2,018",4,21,6,14,-2,0,0,0,Spring
20-Apr-18,"2,018",4,20,3,8,-2,0,0,0,Spring
19-Apr-18,"2,018",4,19,1,3,-1,0,0,0,Spring
18-Apr-18,"2,018",4,18,2,4,0,0,0,0,Spring
17-Apr-18,"2,018",4,17,-1,1,-2,0,0,0,Spring
16-Apr-18,"2,018",4,16,2,3,1,19,0,19,Spring
15-Apr-18,"2,018",4,15,-2,1,-4,15,4,28,Spring
14-Apr-18,"2,018",4,14,0,4,-4,6,4,36,Spring
13-Apr-18,"2,018",4,13,4,6,2,7,0,7,Spring
12-Apr-18,"2,018",4,12,7,16,-2,3,0,3,Spring
11-Apr-18,"2,018",4,11,3,6,0,1,0,1,Spring
10-Apr-18,"2,018",4,10,2,7,-3,0,0,0,Spring
09-Apr-18,"2,018",4,9,-1,3,-6,0,0,0,Spring
08-Apr-18,"2,018",4,8,-2,2,-6,0,0,0,Spring
07-Apr-18,"2,018",4,7,-3,1,-6,0,0,0,Spring
06-Apr-18,"2,018",4,6,1,5,-4,0,1,2,Spring
05-Apr-18,"2,018",4,5,-2,2,-5,0,0,0,Spring
04-Apr-18,"2,018",4,4,0,5,-5,5,0,5,Spring
03-Apr-18,"2,018",4,3,3,5,2,21,0,21,Spring
02-Apr-18,"2,018",4,2,2,7,-4,0,0,0,Spring
01-Apr-18,"2,018",4,1,0,4,-4,0,0,0,Spring
31-May-18,"2,018",5,31,26,31,20,10,0,10,Spring
30-May-18,"2,018",5,30,24,29,18,0,0,0,Spring
29-May-18,"2,018",5,29,23,27,19,0,0,0,Spring
28-May-18,"2,018",5,28,23,31,15,0,0,0,Spring
27-May-18,"2,018",5,27,22,27,17,0,0,0,Spring
26-May-18,"2,018",5,26,22,28,17,0,0,0,Spring
25-May-18,"2,018",5,25,23,30,16,0,0,0,Spring
24-May-18,"2,018",5,24,20,29,12,0,0,0,Spring
23-May-18,"2,018",5,23,18,26,10,0,0,0,Spring
22-May-18,"2,018",5,22,14,18,11,9,0,9,Spring
21-May-18,"2,018",5,21,14,21,7,0,0,0,Spring
20-May-18,"2,018",5,20,15,20,9,0,0,0,Spring
19-May-18,"2,018",5,19,13,17,10,8,0,8,Spring
18-May-18,"2,018",5,18,13,17,10,0,0,0,Spring
17-May-18,"2,018",5,17,18,24,12,0,0,0,Spring
16-May-18,"2,018",5,16,14,20,8,0,0,0,Spring
15-May-18,"2,018",5,15,16,22,11,19,0,19,Spring
14-May-18,"2,018",5,14,17,24,9,0,0,0,Spring
13-May-18,"2,018",5,13,13,18,7,0,0,0,Spring
12-May-18,"2,018",5,12,11,14,8,0,0,0,Spring
11-May-18,"2,018",5,11,8,11,5,0,0,0,Spring
10-May-18,"2,018",5,10,13,20,5,2,0,2,Spring
09-May-18,"2,018",5,9,16,23,9,0,0,0,Spring
08-May-18,"2,018",5,8,13,19,7,0,0,0,Spring
07-May-18,"2,018",5,7,13,16,10,0,0,0,Spring
06-May-18,"2,018",5,6,15,18,11,1,0,1,Spring
05-May-18,"2,018",5,5,16,25,8,2,0,2,Spring
04-May-18,"2,018",5,4,17,25,8,8,0,8,Spring
03-May-18,"2,018",5,3,16,22,10,7,0,7,Spring
02-May-18,"2,018",5,2,23,28,18,0,0,0,Spring
01-May-18,"2,018",5,1,18,28,8,0,0,0,Spring
30-Jun-18,"2,018",6,30,29,35,22,0,0,0,Summer
29-Jun-18,"2,018",6,29,25,32,19,0,0,0,Summer
28-Jun-18,"2,018",6,28,25,30,20,0,0,0,Summer
27-Jun-18,"2,018",6,27,19,22,17,8,0,8,Summer
26-Jun-18,"2,018",6,26,17,23,11,0,0,0,Summer
25-Jun-18,"2,018",6,25,18,23,13,0,0,0,Summer
24-Jun-18,"2,018",6,24,18,21,15,21,0,21,Summer
23-Jun-18,"2,018",6,23,18,20,17,5,0,5,Summer
22-Jun-18,"2,018",6,22,18,23,13,2,0,2,Summer
21-Jun-18,"2,018",6,21,18,22,14,0,0,0,Summer
20-Jun-18,"2,018",6,20,20,25,15,0,0,0,Summer
19-Jun-18,"2,018",6,19,20,23,16,0,0,0,Summer
18-Jun-18,"2,018",6,18,25,33,18,3,0,3,Summer
17-Jun-18,"2,018",6,17,25,32,17,0,0,0,Summer
16-Jun-18,"2,018",6,16,22,30,14,0,0,0,Summer
15-Jun-18,"2,018",6,15,19,25,13,0,0,0,Summer
14-Jun-18,"2,018",6,14,20,25,14,0,0,0,Summer
13-Jun-18,"2,018",6,13,23,30,16,3,0,3,Summer
12-Jun-18,"2,018",6,12,18,26,11,0,0,0,Summer
11-Jun-18,"2,018",6,11,17,23,11,0,0,0,Summer
10-Jun-18,"2,018",6,10,18,23,14,0,0,0,Summer
09-Jun-18,"2,018",6,9,18,24,13,0,0,0,Summer
08-Jun-18,"2,018",6,8,17,22,13,0,0,0,Summer
07-Jun-18,"2,018",6,7,17,23,11,0,0,0,Summer
06-Jun-18,"2,018",6,6,13,16,10,0,0,0,Summer
05-Jun-18,"2,018",6,5,13,16,11,0,0,0,Summer
04-Jun-18,"2,018",6,4,17,19,14,1,0,1,Summer
03-Jun-18,"2,018",6,3,18,21,14,7,0,7,Summer
02-Jun-18,"2,018",6,2,17,21,14,0,0,0,Summer
01-Jun-18,"2,018",6,1,22,28,15,0,0,0,Summer
31-Jul-18,"2,018",7,31,22,26,18,0,0,0,Summer
30-Jul-18,"2,018",7,30,22,27,17,0,0,0,Summer
29-Jul-18,"2,018",7,29,20,26,13,0,0,0,Summer
28-Jul-18,"2,018",7,28,19,24,15,0,0,0,Summer
27-Jul-18,"2,018",7,27,22,27,17,2,0,2,Summer
26-Jul-18,"2,018",7,26,23,30,17,8,0,8,Summer
25-Jul-18,"2,018",7,25,25,30,19,0,0,0,Summer
24-Jul-18,"2,018",7,24,26,30,22,5,0,5,Summer
23-Jul-18,"2,018",7,23,24,28,21,0,0,0,Summer
22-Jul-18,"2,018",7,22,20,24,17,15,0,15,Summer
21-Jul-18,"2,018",7,21,22,26,18,0,0,0,Summer
20-Jul-18,"2,018",7,20,24,30,18,1,0,1,Summer
19-Jul-18,"2,018",7,19,21,27,14,0,0,0,Summer
18-Jul-18,"2,018",7,18,20,24,16,0,0,0,Summer
17-Jul-18,"2,018",7,17,23,28,18,0,0,0,Summer
16-Jul-18,"2,018",7,16,27,32,21,8,0,8,Summer
15-Jul-18,"2,018",7,15,26,30,21,0,0,0,Summer
14-Jul-18,"2,018",7,14,25,29,21,0,0,0,Summer
13-Jul-18,"2,018",7,13,26,30,21,0,0,0,Summer
12-Jul-18,"2,018",7,12,23,30,17,0,0,0,Summer
11-Jul-18,"2,018",7,11,22,27,17,0,0,0,Summer
10-Jul-18,"2,018",7,10,24,30,19,0,0,0,Summer
09-Jul-18,"2,018",7,9,24,32,15,0,0,0,Summer
08-Jul-18,"2,018",7,8,22,28,15,0,0,0,Summer
07-Jul-18,"2,018",7,7,20,26,14,0,0,0,Summer
06-Jul-18,"2,018",7,6,20,23,17,,,,Summer
05-Jul-18,"2,018",7,5,27,34,21,24,0,24,Summer
04-Jul-18,"2,018",7,4,26,33,19,0,0,0,Summer
03-Jul-18,"2,018",7,3,25,31,19,0,0,0,Summer
02-Jul-18,"2,018",7,2,27,34,20,0,0,0,Summer
01-Jul-18,"2,018",7,1,29,34,24,0,0,0,Summer
31-Aug-18,"2,018",8,31,20,23,16,0,0,0,Summer
30-Aug-18,"2,018",8,30,17,19,15,0,0,0,Summer
29-Aug-18,"2,018",8,29,23,29,17,0,0,0,Summer
28-Aug-18,"2,018",8,28,28,32,24,0,0,0,Summer
27-Aug-18,"2,018",8,27,24,29,20,1,0,1,Summer
26-Aug-18,"2,018",8,26,25,29,20,0,0,0,Summer
25-Aug-18,"2,018",8,25,23,26,20,18,0,18,Summer
24-Aug-18,"2,018",8,24,21,27,15,0,0,0,Summer
23-Aug-18,"2,018",8,23,21,27,15,0,0,0,Summer
22-Aug-18,"2,018",8,22,18,21,15,1,0,1,Summer
21-Aug-18,"2,018",8,21,23,26,20,26,0,26,Summer
20-Aug-18,"2,018",8,20,22,26,18,0,0,0,Summer
19-Aug-18,"2,018",8,19,21,25,17,0,0,0,Summer
18-Aug-18,"2,018",8,18,22,25,19,0,0,0,Summer
17-Aug-18,"2,018",8,17,25,29,21,15,0,15,Summer
16-Aug-18,"2,018",8,16,25,30,20,1,0,1,Summer
15-Aug-18,"2,018",8,15,26,31,20,0,0,0,Summer
14-Aug-18,"2,018",8,14,26,31,21,0,0,0,Summer
13-Aug-18,"2,018",8,13,23,27,19,0,0,0,Summer
12-Aug-18,"2,018",8,12,23,28,19,0,0,0,Summer
11-Aug-18,"2,018",8,11,21,27,15,4,0,4,Summer
10-Aug-18,"2,018",8,10,21,25,17,0,0,0,Summer
09-Aug-18,"2,018",8,9,23,30,17,2,0,2,Summer
08-Aug-18,"2,018",8,8,22,26,17,21,0,21,Summer
07-Aug-18,"2,018",8,7,24,28,21,6,0,6,Summer
06-Aug-18,"2,018",8,6,28,34,21,23,0,23,Summer
05-Aug-18,"2,018",8,5,27,35,19,0,0,0,Summer
04-Aug-18,"2,018",8,4,26,32,19,0,0,0,Summer
03-Aug-18,"2,018",8,3,25,29,20,0,0,0,Summer
02-Aug-18,"2,018",8,2,24,30,18,0,0,0,Summer
01-Aug-18,"2,018",8,1,24,27,20,1,0,1,Summer
14-Nov-18,"2,018",11,14,-2,1,-6,0,0,0,Fall
13-Nov-18,"2,018",11,13,-1,2,-4,1,0,1,Fall
12-Nov-18,"2,018",11,12,4,6,1,1,0,1,Fall
11-Nov-18,"2,018",11,11,1,4,-3,0,0,0,Fall
10-Nov-18,"2,018",11,10,0,3,-3,0,0,0,Fall
09-Nov-18,"2,018",11,9,3,4,1,8,1,11,Fall
08-Nov-18,"2,018",11,8,4,6,3,0,0,0,Fall
07-Nov-18,"2,018",11,7,7,9,4,1,0,1,Fall
06-Nov-18,"2,018",11,6,12,16,9,7,0,7,Fall
05-Nov-18,"2,018",11,5,9,11,7,2,0,2,Fall
04-Nov-18,"2,018",11,4,3,7,-1,0,0,0,Fall
03-Nov-18,"2,018",11,3,4,7,0,2,0,2,Fall
02-Nov-18,"2,018",11,2,4,5,4,5,0,5,Fall
01-Nov-18,"2,018",11,1,6,8,5,30,0,30,Fall
31-Oct-18,"2,018",10,31,9,14,4,16,0,16,Fall
30-Oct-18,"2,018",10,30,5,11,-2,1,0,1,Fall
29-Oct-18,"2,018",10,29,,,,,,,Fall
28-Oct-18,"2,018",10,28,4,6,1,1,0,1,Fall
27-Oct-18,"2,018",10,27,4,6,1,7,2,10,Fall
26-Oct-18,"2,018",10,26,7,9,5,0,0,0,Fall
25-Oct-18,"2,018",10,25,5,7,2,0,0,0,Fall
24-Oct-18,"2,018",10,24,4,5,2,0,0,0,Fall
23-Oct-18,"2,018",10,23,5,10,1,1,0,1,Fall
22-Oct-18,"2,018",10,22,7,11,2,0,0,0,Fall
21-Oct-18,"2,018",10,21,3,6,0,0,0,0,Fall
20-Oct-18,"2,018",10,20,7,12,3,0,0,0,Fall
19-Oct-18,"2,018",10,19,11,16,5,0,0,0,Fall
18-Oct-18,"2,018",10,18,4,8,-1,0,0,0,Fall
17-Oct-18,"2,018",10,17,5,9,1,0,0,0,Fall
16-Oct-18,"2,018",10,16,7,12,1,0,0,0,Fall
15-Oct-18,"2,018",10,15,8,14,2,1,0,1,Fall
14-Oct-18,"2,018",10,14,9,15,3,0,0,0,Fall
13-Oct-18,"2,018",10,13,7,10,3,1,0,1,Fall
12-Oct-18,"2,018",10,12,8,11,6,1,0,1,Fall
11-Oct-18,"2,018",10,11,15,22,8,0,0,0,Fall
10-Oct-18,"2,018",10,10,23,27,19,0,0,0,Fall
09-Oct-18,"2,018",10,9,21,29,13,0,0,0,Fall
08-Oct-18,"2,018",10,8,13,14,11,3,0,3,Fall
07-Oct-18,"2,018",10,7,13,14,12,5,0,5,Fall
06-Oct-18,"2,018",10,6,13,17,9,1,0,1,Fall
05-Oct-18,"2,018",10,5,9,13,5,0,0,0,Fall
04-Oct-18,"2,018",10,4,15,23,7,4,0,4,Fall
03-Oct-18,"2,018",10,3,14,17,11,0,0,0,Fall
02-Oct-18,"2,018",10,2,11,13,9,13,0,13,Fall
01-Oct-18,"2,018",10,1,10,12,8,10,0,10,Fall
30-Sep-18,"2,018",9,30,11,13,9,10,0,10,Fall
29-Sep-18,"2,018",9,29,12,17,8,0,0,0,Fall
28-Sep-18,"2,018",9,28,17,24,10,3,0,3,Fall
27-Sep-18,"2,018",9,27,13,18,8,0,0,0,Fall
26-Sep-18,"2,018",9,26,18,24,11,0,0,0,Fall
25-Sep-18,"2,018",9,25,19,22,16,6,0,6,Fall
24-Sep-18,"2,018",9,24,15,20,10,2,0,2,Fall
23-Sep-18,"2,018",9,23,13,19,6,0,0,0,Fall
22-Sep-18,"2,018",9,22,13,16,10,0,0,0,Fall
21-Sep-18,"2,018",9,21,22,32,13,0,0,0,Fall
20-Sep-18,"2,018",9,20,17,19,15,0,0,0,Fall
19-Sep-18,"2,018",9,19,18,22,13,0,0,0,Fall
18-Sep-18,"2,018",9,18,22,28,15,0,0,0,Fall
17-Sep-18,"2,018",9,17,24,27,20,0,0,0,Fall
16-Sep-18,"2,018",9,16,24,28,20,0,0,0,Fall
15-Sep-18,"2,018",9,15,24,29,20,0,0,0,Fall
14-Sep-18,"2,018",9,14,24,28,20,0,0,0,Fall
13-Sep-18,"2,018",9,13,21,25,16,0,0,0,Fall
12-Sep-18,"2,018",9,12,18,24,13,0,0,0,Fall
11-Sep-18,"2,018",9,11,18,21,14,0,0,0,Fall
10-Sep-18,"2,018",9,10,14,16,12,26,0,26,Fall
09-Sep-18,"2,018",9,9,,16,,0,0,0,Fall
08-Sep-18,"2,018",9,8,15,17,12,0,0,0,Fall
07-Sep-18,"2,018",9,7,20,25,15,0,0,0,Fall
06-Sep-18,"2,018",9,6,21,26,16,1,0,1,Fall
05-Sep-18,"2,018",9,5,28,34,22,0,0,0,Fall
04-Sep-18,"2,018",9,4,24,28,20,0,0,0,Fall
03-Sep-18,"2,018",9,3,27,32,22,0,0,0,Fall
02-Sep-18,"2,018",9,2,26,30,22,0,0,0,Fall
01-Sep-18,"2,018",9,1,21,27,15,0,0,0,Fall
31-Jan-17,"2,017",1,31,-4,-2,-6,0,2,2,Winter
30-Jan-17,"2,017",1,30,-8,-5,-11,0,0,0,Winter
29-Jan-17,"2,017",1,29,-5,-2,-7,0,0,0,Winter
28-Jan-17,"2,017",1,28,-2,-1,-3,0,1,0,Winter
27-Jan-17,"2,017",1,27,0,2,-2,0,0,0,Winter
26-Jan-17,"2,017",1,26,2,4,0,2,0,2,Winter
25-Jan-17,"2,017",1,25,2,5,-1,1,0,1,Winter
24-Jan-17,"2,017",1,24,0,1,-1,0,0,0,Winter
23-Jan-17,"2,017",1,23,2,4,1,0,0,0,Winter
22-Jan-17,"2,017",1,22,4,5,2,0,0,0,Winter
21-Jan-17,"2,017",1,21,4,6,2,0,0,0,Winter
20-Jan-17,"2,017",1,20,2,4,1,0,0,0,Winter
19-Jan-17,"2,017",1,19,2,3,1,0,0,0,Winter
18-Jan-17,"2,017",1,18,2,3,1,0,0,0,Winter
17-Jan-17,"2,017",1,17,1,2,0,12,0,12,Winter
16-Jan-17,"2,017",1,16,-2,3,-6,0,0,0,Winter
15-Jan-17,"2,017",1,15,-4,0,-7,0,0,0,Winter
14-Jan-17,"2,017",1,14,-6,-3,-9,0,0,0,Winter
13-Jan-17,"2,017",1,13,-5,-2,-9,0,0,0,Winter
12-Jan-17,"2,017",1,12,3,9,-2,10,0,10,Winter
11-Jan-17,"2,017",1,11,4,7,1,6,0,6,Winter
10-Jan-17,"2,017",1,10,2,8,-3,11,7,19,Winter
09-Jan-17,"2,017",1,9,-6,-3,-10,0,0,0,Winter
08-Jan-17,"2,017",1,8,-11,-9,-13,0,0,0,Winter
07-Jan-17,"2,017",1,7,-11,-8,-14,0,0,0,Winter
06-Jan-17,"2,017",1,6,-10,-7,-13,0,0,0,Winter
05-Jan-17,"2,017",1,5,-9,-7,-12,0,0,0,Winter
04-Jan-17,"2,017",1,4,-3,4,-9,0,0,0,Winter
03-Jan-17,"2,017",1,3,3,4,2,16,0,16,Winter
02-Jan-17,"2,017",1,2,0,5,-4,0,0,0,Winter
01-Jan-17,"2,017",1,1,0,2,-3,0,0,0,Winter
28-Feb-17,"2,017",2,28,5,9,2,3,0,3,Winter
27-Feb-17,"2,017",2,27,5,9,1,0,0,0,Winter
26-Feb-17,"2,017",2,26,-1,3,-4,0,0,0,Winter
25-Feb-17,"2,017",2,25,3,8,-3,12,0,12,Winter
24-Feb-17,"2,017",2,24,4,5,3,7,0,7,Winter
23-Feb-17,"2,017",2,23,11,18,4,0,0,0,Winter
22-Feb-17,"2,017",2,22,6,8,3,0,0,0,Winter
21-Feb-17,"2,017",2,21,3,6,1,1,0,1,Winter
20-Feb-17,"2,017",2,20,2,5,-1,0,0,0,Winter
19-Feb-17,"2,017",2,19,7,12,2,0,0,0,Winter
18-Feb-17,"2,017",2,18,4,12,-4,0,0,0,Winter
17-Feb-17,"2,017",2,17,-3,0,-7,0,0,0,Winter
16-Feb-17,"2,017",2,16,-7,-3,-10,0,0,0,Winter
15-Feb-17,"2,017",2,15,-2,2,-6,0,0,0,Winter
14-Feb-17,"2,017",2,14,-2,4,-7,0,0,0,Winter
13-Feb-17,"2,017",2,13,-4,-1,-6,0,0,0,Winter
12-Feb-17,"2,017",2,12,-2,2,-5,0,16,14,Winter
11-Feb-17,"2,017",2,11,0,4,-4,0,0,0,Winter
10-Feb-17,"2,017",2,10,-5,-2,-8,0,4,4,Winter
09-Feb-17,"2,017",2,9,-8,-4,-12,0,0,0,Winter
08-Feb-17,"2,017",2,8,-2,4,-8,0,0,0,Winter
07-Feb-17,"2,017",2,7,1,4,-2,15,0,15,Winter
06-Feb-17,"2,017",2,6,-2,2,-6,0,0,0,Winter
05-Feb-17,"2,017",2,5,-2,0,-3,0,1,1,Winter
04-Feb-17,"2,017",2,4,-6,-2,-9,0,0,0,Winter
03-Feb-17,"2,017",2,3,-7,-5,-9,0,0,0,Winter
02-Feb-17,"2,017",2,2,-5,-3,-7,0,0,0,Winter
01-Feb-17,"2,017",2,1,-1,2,-5,0,0,0,Winter
31-Mar-17,"2,017",3,31,3,4,1,10,0,10,Spring
30-Mar-17,"2,017",3,30,2,4,0,6,2,12,Spring
29-Mar-17,"2,017",3,29,6,11,0,0,0,0,Spring
28-Mar-17,"2,017",3,28,6,10,2,0,0,0,Spring
27-Mar-17,"2,017",3,27,11,16,6,2,0,2,Spring
26-Mar-17,"2,017",3,26,3,6,1,3,0,3,Spring
25-Mar-17,"2,017",3,25,3,4,1,8,0,8,Spring
24-Mar-17,"2,017",3,24,8,15,1,8,0,8,Spring
23-Mar-17,"2,017",3,23,-3,3,-9,0,0,0,Spring
22-Mar-17,"2,017",3,22,-5,-2,-9,0,0,0,Spring
21-Mar-17,"2,017",3,21,4,12,-4,0,0,0,Spring
20-Mar-17,"2,017",3,20,3,7,-1,0,0,0,Spring
19-Mar-17,"2,017",3,19,3,7,-1,0,0,0,Spring
18-Mar-17,"2,017",3,18,1,3,0,0,0,1,Spring
17-Mar-17,"2,017",3,17,-1,6,-7,0,0,0,Spring
16-Mar-17,"2,017",3,16,-3,2,-7,0,0,0,Spring
15-Mar-17,"2,017",3,15,-6,-3,-10,0,1,1,Spring
14-Mar-17,"2,017",3,14,-10,-8,-12,0,1,1,Spring
13-Mar-17,"2,017",3,13,-9,-6,-11,0,2,2,Spring
12-Mar-17,"2,017",3,12,-9,-4,-13,0,0,0,Spring
11-Mar-17,"2,017",3,11,-10,-6,-13,0,0,0,Spring
10-Mar-17,"2,017",3,10,-6,-1,-10,0,0,0,Spring
09-Mar-17,"2,017",3,9,0,3,-2,0,0,0,Spring
08-Mar-17,"2,017",3,8,5,10,1,0,0,0,Spring
07-Mar-17,"2,017",3,7,9,13,5,,,,Spring
06-Mar-17,"2,017",3,6,2,6,-2,0,0,0,Spring
05-Mar-17,"2,017",3,5,-7,-2,-12,0,0,0,Spring
04-Mar-17,"2,017",3,4,-10,-7,-12,0,0,0,Spring
03-Mar-17,"2,017",3,3,-8,-5,-10,0,0,0,Spring
02-Mar-17,"2,017",3,2,-5,-2,-7,0,0,0,Spring
01-Mar-17,"2,017",3,1,5,14,-4,20,0,20,Spring
30-Apr-17,"2,017",4,30,6,8,4,14,0,14,Spring
29-Apr-17,"2,017",4,29,10,15,6,0,0,0,Spring
28-Apr-17,"2,017",4,28,14,19,8,0,0,0,Spring
27-Apr-17,"2,017",4,27,17,26,9,5,0,5,Spring
26-Apr-17,"2,017",4,26,12,17,8,0,0,0,Spring
25-Apr-17,"2,017",4,25,8,11,6,4,0,4,Spring
24-Apr-17,"2,017",4,24,9,13,6,0,0,0,Spring
23-Apr-17,"2,017",4,23,11,20,2,0,0,0,Spring
22-Apr-17,"2,017",4,22,9,13,4,0,0,0,Spring
21-Apr-17,"2,017",4,21,9,12,6,0,0,0,Spring
20-Apr-17,"2,017",4,20,7,8,5,25,0,25,Spring
19-Apr-17,"2,017",4,19,14,22,6,1,0,1,Spring
18-Apr-17,"2,017",4,18,5,10,0,0,0,0,Spring
17-Apr-17,"2,017",4,17,7,12,1,0,0,0,Spring
16-Apr-17,"2,017",4,16,16,22,10,3,0,3,Spring
15-Apr-17,"2,017",4,15,12,20,4,6,0,6,Spring
14-Apr-17,"2,017",4,14,9,15,3,0,0,0,Spring
13-Apr-17,"2,017",4,13,8,14,1,0,0,0,Spring
12-Apr-17,"2,017",4,12,5,8,1,0,0,0,Spring
11-Apr-17,"2,017",4,11,14,20,8,2,0,2,Spring
10-Apr-17,"2,017",4,10,17,23,10,4,0,4,Spring
09-Apr-17,"2,017",4,9,12,20,4,0,0,0,Spring
08-Apr-17,"2,017",4,8,7,13,0,0,0,0,Spring
07-Apr-17,"2,017",4,7,2,5,-1,0,2,2,Spring
06-Apr-17,"2,017",4,6,4,7,1,28,0,28,Spring
05-Apr-17,"2,017",4,5,7,10,5,0,0,0,Spring
04-Apr-17,"2,017",4,4,8,12,5,12,0,12,Spring
03-Apr-17,"2,017",4,3,9,12,6,6,0,6,Spring
02-Apr-17,"2,017",4,2,9,16,2,0,0,0,Spring
01-Apr-17,"2,017",4,1,6,11,1,0,0,0,Spring
31-May-17,"2,017",5,31,17,23,11,0,0,0,Spring
30-May-17,"2,017",5,30,18,24,12,10,0,10,Spring
29-May-17,"2,017",5,29,20,26,14,1,0,1,Spring
28-May-17,"2,017",5,28,16,21,11,0,0,0,Spring
27-May-17,"2,017",5,27,16,19,12,0,0,0,Spring
26-May-17,"2,017",5,26,15,18,12,4,0,4,Spring
25-May-17,"2,017",5,25,13,16,11,45,0,45,Spring
24-May-17,"2,017",5,24,18,23,13,1,0,1,Spring
23-May-17,"2,017",5,23,16,23,9,0,0,0,Spring
22-May-17,"2,017",5,22,14,18,10,0,0,0,Spring
21-May-17,"2,017",5,21,12,13,10,12,0,12,Spring
20-May-17,"2,017",5,20,12,16,7,0,0,0,Spring
19-May-17,"2,017",5,19,13,17,9,0,0,0,Spring
18-May-17,"2,017",5,18,23,30,17,2,0,2,Spring
17-May-17,"2,017",5,17,20,30,9,0,0,0,Spring
16-May-17,"2,017",5,16,12,16,8,1,0,1,Spring
15-May-17,"2,017",5,15,13,20,6,0,0,0,Spring
14-May-17,"2,017",5,14,12,18,6,1,0,1,Spring
13-May-17,"2,017",5,13,12,17,8,1,0,1,Spring
12-May-17,"2,017",5,12,10,15,6,0,0,0,Spring
11-May-17,"2,017",5,11,10,14,7,0,0,0,Spring
10-May-17,"2,017",5,10,8,11,4,0,0,0,Spring
09-May-17,"2,017",5,9,7,11,2,0,0,0,Spring
08-May-17,"2,017",5,8,7,12,2,0,0,0,Spring
07-May-17,"2,017",5,7,7,11,3,0,0,0,Spring
06-May-17,"2,017",5,6,6,7,5,1,0,1,Spring
05-May-17,"2,017",5,5,8,10,6,22,0,22,Spring
04-May-17,"2,017",5,4,8,11,5,20,0,20,Spring
03-May-17,"2,017",5,3,10,15,4,0,0,0,Spring
02-May-17,"2,017",5,2,9,11,6,1,0,1,Spring
01-May-17,"2,017",5,1,10,15,5,19,0,19,Spring
30-Jun-17,"2,017",6,30,24,28,20,13,0,13,Summer
29-Jun-17,"2,017",6,29,21,28,15,4,0,4,Summer
28-Jun-17,"2,017",6,28,18,25,12,1,0,1,Summer
27-Jun-17,"2,017",6,27,16,21,11,4,0,4,Summer
26-Jun-17,"2,017",6,26,17,22,12,2,0,2,Summer
25-Jun-17,"2,017",6,25,18,22,14,1,0,1,Summer
24-Jun-17,"2,017",6,24,20,24,15,0,0,0,Summer
23-Jun-17,"2,017",6,23,21,25,18,36,0,36,Summer
22-Jun-17,"2,017",6,22,19,25,13,4,0,4,Summer
21-Jun-17,"2,017",6,21,18,24,12,0,0,0,Summer
20-Jun-17,"2,017",6,20,19,24,13,4,0,4,Summer
19-Jun-17,"2,017",6,19,22,27,17,0,0,0,Summer
18-Jun-17,"2,017",6,18,24,30,19,2,0,2,Summer
17-Jun-17,"2,017",6,17,24,28,20,7,0,7,Summer
16-Jun-17,"2,017",6,16,24,31,16,8,0,8,Summer
15-Jun-17,"2,017",6,15,18,20,16,0,0,0,Summer
14-Jun-17,"2,017",6,14,20,24,15,0,0,0,Summer
13-Jun-17,"2,017",6,13,22,26,18,1,0,1,Summer
12-Jun-17,"2,017",6,12,27,33,20,0,0,0,Summer
11-Jun-17,"2,017",6,11,27,32,22,0,0,0,Summer
10-Jun-17,"2,017",6,10,23,30,15,0,0,0,Summer
09-Jun-17,"2,017",6,9,21,28,14,0,0,0,Summer
08-Jun-17,"2,017",6,8,17,24,11,0,0,0,Summer
07-Jun-17,"2,017",6,7,15,21,8,0,0,0,Summer
06-Jun-17,"2,017",6,6,14,17,11,3,0,3,Summer
05-Jun-17,"2,017",6,5,15,17,12,0,0,0,Summer
04-Jun-17,"2,017",6,4,16,21,12,6,0,6,Summer
03-Jun-17,"2,017",6,3,16,22,10,0,0,0,Summer
02-Jun-17,"2,017",6,2,15,21,9,0,0,0,Summer
01-Jun-17,"2,017",6,1,14,18,9,0,0,0,Summer
31-Jul-17,"2,017",7,31,24,31,17,2,0,2,Summer
30-Jul-17,"2,017",7,30,24,30,18,0,0,0,Summer
29-Jul-17,"2,017",7,29,21,28,15,0,0,0,Summer
28-Jul-17,"2,017",7,28,19,23,16,0,0,0,Summer
27-Jul-17,"2,017",7,27,23,27,18,5,0,5,Summer
26-Jul-17,"2,017",7,26,18,22,15,3,0,3,Summer
25-Jul-17,"2,017",7,25,19,23,15,0,0,0,Summer
24-Jul-17,"2,017",7,24,19,22,16,0,0,0,Summer
23-Jul-17,"2,017",7,23,22,24,20,0,0,0,Summer
22-Jul-17,"2,017",7,22,22,24,20,2,0,2,Summer
21-Jul-17,"2,017",7,21,24,30,19,0,0,0,Summer
20-Jul-17,"2,017",7,20,20,25,16,19,0,19,Summer
19-Jul-17,"2,017",7,19,25,32,19,0,0,0,Summer
18-Jul-17,"2,017",7,18,23,28,17,0,0,0,Summer
17-Jul-17,"2,017",7,17,23,26,19,0,0,0,Summer
16-Jul-17,"2,017",7,16,22,28,17,0,0,0,Summer
15-Jul-17,"2,017",7,15,23,28,18,0,0,0,Summer
14-Jul-17,"2,017",7,14,23,28,17,1,0,1,Summer
13-Jul-17,"2,017",7,13,19,22,16,2,0,2,Summer
12-Jul-17,"2,017",7,12,23,27,19,1,0,1,Summer
11-Jul-17,"2,017",7,11,23,29,17,0,0,0,Summer
10-Jul-17,"2,017",7,10,22,26,18,0,0,0,Summer
09-Jul-17,"2,017",7,9,22,28,15,0,0,0,Summer
08-Jul-17,"2,017",7,8,20,25,15,0,0,0,Summer
07-Jul-17,"2,017",7,7,25,29,20,0,0,0,Summer
06-Jul-17,"2,017",7,6,23,30,17,0,0,0,Summer
05-Jul-17,"2,017",7,5,21,27,14,0,0,0,Summer
04-Jul-17,"2,017",7,4,20,26,15,0,0,0,Summer
03-Jul-17,"2,017",7,3,20,26,15,0,0,0,Summer
02-Jul-17,"2,017",7,2,21,27,14,1,0,1,Summer
01-Jul-17,"2,017",7,1,21,26,16,1,0,1,Summer
31-Aug-17,"2,017",8,31,15,19,10,4,0,4,Summer
30-Aug-17,"2,017",8,30,19,25,13,0,0,0,Summer
29-Aug-17,"2,017",8,29,19,23,15,0,0,0,Summer
28-Aug-17,"2,017",8,28,19,23,16,0,0,0,Summer
27-Aug-17,"2,017",8,27,17,23,11,0,0,0,Summer
26-Aug-17,"2,017",8,26,16,22,10,0,0,0,Summer
25-Aug-17,"2,017",8,25,16,22,11,0,0,0,Summer
24-Aug-17,"2,017",8,24,16,20,11,0,0,0,Summer
23-Aug-17,"2,017",8,23,18,23,12,0,0,0,Summer
22-Aug-17,"2,017",8,22,20,26,14,8,0,8,Summer
21-Aug-17,"2,017",8,21,24,30,19,0,0,0,Summer
20-Aug-17,"2,017",8,20,22,29,16,0,0,0,Summer
19-Aug-17,"2,017",8,19,21,25,16,0,0,0,Summer
18-Aug-17,"2,017",8,18,23,27,20,0,0,0,Summer
17-Aug-17,"2,017",8,17,20,24,17,15,0,15,Summer
16-Aug-17,"2,017",8,16,20,24,16,0,0,0,Summer
15-Aug-17,"2,017",8,15,22,28,16,1,0,1,Summer
14-Aug-17,"2,017",8,14,21,26,17,0,0,0,Summer
13-Aug-17,"2,017",8,13,20,27,13,0,0,0,Summer
12-Aug-17,"2,017",8,12,21,26,16,0,0,0,Summer
11-Aug-17,"2,017",8,11,21,25,17,2,0,2,Summer
10-Aug-17,"2,017",8,10,22,27,18,0,0,0,Summer
09-Aug-17,"2,017",8,9,23,29,16,0,0,0,Summer
08-Aug-17,"2,017",8,8,20,26,13,0,0,0,Summer
07-Aug-17,"2,017",8,7,18,22,14,0,0,0,Summer
06-Aug-17,"2,017",8,6,19,26,12,0,0,0,Summer
05-Aug-17,"2,017",8,5,17,22,13,0,0,0,Summer
04-Aug-17,"2,017",8,4,21,26,16,30,0,30,Summer
03-Aug-17,"2,017",8,3,23,27,18,0,0,0,Summer
02-Aug-17,"2,017",8,2,24,30,19,0,0,0,Summer
01-Aug-17,"2,017",8,1,23,29,18,13,0,13,Summer
30-Nov-17,"2,017",11,30,2,7,-4,2,0,2,Fall
29-Nov-17,"2,017",11,29,5,10,-1,0,0,0,Fall
28-Nov-17,"2,017",11,28,9,17,1,0,0,0,Fall
27-Nov-17,"2,017",11,27,2,4,-1,0,0,0,Fall
26-Nov-17,"2,017",11,26,2,3,0,0,0,0,Fall
25-Nov-17,"2,017",11,25,6,10,1,1,0,1,Fall
24-Nov-17,"2,017",11,24,6,12,0,0,0,0,Fall
23-Nov-17,"2,017",11,23,1,4,-1,0,0,0,Fall
22-Nov-17,"2,017",11,22,0,3,-3,0,0,0,Fall
21-Nov-17,"2,017",11,21,7,12,3,0,0,0,Fall
20-Nov-17,"2,017",11,20,3,7,-1,0,0,0,Fall
19-Nov-17,"2,017",11,19,1,5,-3,1,1,2,Fall
18-Nov-17,"2,017",11,18,5,8,2,19,0,19,Fall
17-Nov-17,"2,017",11,17,0,3,-2,0,0,0,Fall
16-Nov-17,"2,017",11,16,4,8,0,1,0,1,Fall
15-Nov-17,"2,017",11,15,5,8,2,2,0,2,Fall
14-Nov-17,"2,017",11,14,5,7,2,0,0,0,Fall
13-Nov-17,"2,017",11,13,3,5,1,1,0,1,Fall
12-Nov-17,"2,017",11,12,3,5,1,1,0,1,Fall
11-Nov-17,"2,017",11,11,-4,1,-8,0,0,0,Fall
10-Nov-17,"2,017",11,10,-7,-3,-10,0,0,0,Fall
09-Nov-17,"2,017",11,9,2,9,-5,1,0,1,Fall
08-Nov-17,"2,017",11,8,,,-1,0,0,0,Fall
07-Nov-17,"2,017",11,7,4,7,0,0,0,0,Fall
06-Nov-17,"2,017",11,6,8,12,4,0,0,0,Fall
05-Nov-17,"2,017",11,5,11,16,6,15,0,15,Fall
04-Nov-17,"2,017",11,4,4,7,1,2,0,2,Fall
03-Nov-17,"2,017",11,3,7,12,2,2,0,2,Fall
02-Nov-17,"2,017",11,2,11,16,6,11,0,11,Fall
01-Nov-17,"2,017",11,1,6,7,4,2,0,2,Fall
31-Oct-17,"2,017",10,31,6,8,3,0,0,0,Fall
30-Oct-17,"2,017",10,30,7,9,5,0,0,0,Fall
29-Oct-17,"2,017",10,29,6,9,4,0,0,0,Fall
28-Oct-17,"2,017",10,28,7,12,3,5,0,5,Fall
27-Oct-17,"2,017",10,27,9,15,3,0,0,0,Fall
26-Oct-17,"2,017",10,26,7,12,2,0,0,0,Fall
25-Oct-17,"2,017",10,25,7,12,2,0,0,0,Fall
24-Oct-17,"2,017",10,24,13,17,9,1,0,1,Fall
23-Oct-17,"2,017",10,23,17,20,14,9,0,9,Fall
22-Oct-17,"2,017",10,22,16,23,9,,,0,Fall
21-Oct-17,"2,017",10,21,15,21,10,0,0,0,Fall
20-Oct-17,"2,017",10,20,15,22,7,0,0,0,Fall
19-Oct-17,"2,017",10,19,14,21,7,0,0,0,Fall
18-Oct-17,"2,017",10,18,16,22,10,0,0,0,Fall
17-Oct-17,"2,017",10,17,11,20,3,0,0,0,Fall
16-Oct-17,"2,017",10,16,7,10,3,0,0,0,Fall
15-Oct-17,"2,017",10,15,16,24,8,8,0,8,Fall
14-Oct-17,"2,017",10,14,16,19,12,9,0,9,Fall
13-Oct-17,"2,017",10,13,16,19,12,0,0,0,Fall
12-Oct-17,"2,017",10,12,12,15,8,0,0,0,Fall
11-Oct-17,"2,017",10,11,11,14,8,3,0,3,Fall
10-Oct-17,"2,017",10,10,17,23,11,0,0,0,Fall
09-Oct-17,"2,017",10,9,18,22,14,12,0,12,Fall
08-Oct-17,"2,017",10,8,21,25,17,1,0,1,Fall
07-Oct-17,"2,017",10,7,22,28,17,5,0,5,Fall
06-Oct-17,"2,017",10,6,17,21,14,1,0,1,Fall
05-Oct-17,"2,017",10,5,16,23,9,0,0,0,Fall
04-Oct-17,"2,017",10,4,19,27,11,4,0,4,Fall
03-Oct-17,"2,017",10,3,16,24,8,0,0,0,Fall
02-Oct-17,"2,017",10,2,14,20,7,0,0,0,Fall
01-Oct-17,"2,017",10,1,11,18,4,0,0,0,Fall
30-Sep-17,"2,017",9,30,11,15,6,0,0,0,Fall
29-Sep-17,"2,017",9,29,13,18,8,4,0,4,Fall
28-Sep-17,"2,017",9,28,14,19,8,0,0,0,Fall
27-Sep-17,"2,017",9,27,22,30,14,0,0,0,Fall
26-Sep-17,"2,017",9,26,26,31,20,0,0,0,Fall
25-Sep-17,"2,017",9,25,26,32,20,0,0,0,Fall
24-Sep-17,"2,017",9,24,27,34,19,0,0,0,Fall
23-Sep-17,"2,017",9,23,25,33,18,0,0,0,Fall
22-Sep-17,"2,017",9,22,22,27,17,0,0,0,Fall
21-Sep-17,"2,017",9,21,22,27,16,0,0,0,Fall
20-Sep-17,"2,017",9,20,22,26,18,0,0,0,Fall
19-Sep-17,"2,017",9,19,23,27,19,0,0,0,Fall
18-Sep-17,"2,017",9,18,22,28,16,0,0,0,Fall
17-Sep-17,"2,017",9,17,21,27,15,0,0,0,Fall
16-Sep-17,"2,017",9,16,21,27,15,0,0,0,Fall
15-Sep-17,"2,017",9,15,22,26,17,0,0,0,Fall
14-Sep-17,"2,017",9,14,22,28,15,0,0,0,Fall
13-Sep-17,"2,017",9,13,18,25,11,0,0,0,Fall
12-Sep-17,"2,017",9,12,17,24,10,0,0,0,Fall
11-Sep-17,"2,017",9,11,16,23,8,0,0,0,Fall
10-Sep-17,"2,017",9,10,14,19,8,0,0,0,Fall
09-Sep-17,"2,017",9,9,13,18,8,0,0,0,Fall
08-Sep-17,"2,017",9,8,14,19,10,0,0,0,Fall
07-Sep-17,"2,017",9,7,15,20,10,4,0,4,Fall
06-Sep-17,"2,017",9,6,16,21,11,0,0,0,Fall
05-Sep-17,"2,017",9,5,17,21,13,5,0,5,Fall
04-Sep-17,"2,017",9,4,20,27,14,9,0,9,Fall
03-Sep-17,"2,017",9,3,18,21,14,9,0,9,Fall
02-Sep-17,"2,017",9,2,14,20,7,0,0,0,Fall
01-Sep-17,"2,017",9,1,13,18,7,0,0,0,Fall
31-Dec-17,"2,017",12,31,-19,-15,-23,0,0,0,Winter
30-Dec-17,"2,017",12,30,-13,-7,-19,0,0,0,Winter
29-Dec-17,"2,017",12,29,-12,-8,-16,0,5,3,Winter
28-Dec-17,"2,017",12,28,-18,-13,-23,0,0,0,Winter
27-Dec-17,"2,017",12,27,-16,-11,-20,0,0,0,Winter
26-Dec-17,"2,017",12,26,-14,-12,-17,0,0,0,Winter
25-Dec-17,"2,017",12,25,-8,-4,-12,0,1,1,Winter
24-Dec-17,"2,017",12,24,-6,-2,-10,0,9,8,Winter
23-Dec-17,"2,017",12,23,-2,1,-6,0,4,3,Winter
22-Dec-17,"2,017",12,22,-5,-3,-6,0,3,3,Winter
21-Dec-17,"2,017",12,21,-4,-3,-5,0,4,3,Winter
20-Dec-17,"2,017",12,20,-1,3,-4,0,0,0,Winter
19-Dec-17,"2,017",12,19,4,7,1,0,0,0,Winter
18-Dec-17,"2,017",12,18,-2,4,-7,1,0,2,Winter
17-Dec-17,"2,017",12,17,-10,-6,-14,0,0,0,Winter
16-Dec-17,"2,017",12,16,-7,-4,-10,0,0,0,Winter
15-Dec-17,"2,017",12,15,-8,-4,-12,0,0,0,Winter
14-Dec-17,"2,017",12,14,-11,-6,-16,0,0,0,Winter
13-Dec-17,"2,017",12,13,-10,-7,-13,0,1,1,Winter
12-Dec-17,"2,017",12,12,-7,-3,-12,0,6,4,Winter
11-Dec-17,"2,017",12,11,-5,-3,-7,0,6,3,Winter
10-Dec-17,"2,017",12,10,-3,-2,-4,0,0,0,Winter
09-Dec-17,"2,017",12,9,-2,1,-4,0,0,0,Winter
08-Dec-17,"2,017",12,8,-1,1,-4,0,0,0,Winter
07-Dec-17,"2,017",12,7,-2,1,-4,0,0,0,Winter
06-Dec-17,"2,017",12,6,1,3,-2,0,0,0,Winter
05-Dec-17,"2,017",12,5,5,12,-1,4,0,4,Winter
04-Dec-17,"2,017",12,4,3,9,-2,4,0,4,Winter
03-Dec-17,"2,017",12,3,3,8,-2,0,0,0,Winter
02-Dec-17,"2,017",12,2,3,7,-1,0,0,0,Winter
01-Dec-17,"2,017",12,1,5,8,1,0,0,0,Winter
31-Jan-16,"2,016",1,31,6,11,1,3,0,3,Winter
30-Jan-16,"2,016",1,30,-1,6,-8,0,0,0,Winter
29-Jan-16,"2,016",1,29,-6,0,-11,0,0,0,Winter
28-Jan-16,"2,016",1,28,0,2,-2,0,1,1,Winter
27-Jan-16,"2,016",1,27,-1,1,-3,0,0,0,Winter
26-Jan-16,"2,016",1,26,4,7,0,0,0,0,Winter
25-Jan-16,"2,016",1,25,1,4,-1,0,0,0,Winter
24-Jan-16,"2,016",1,24,-6,-1,-11,0,0,0,Winter
23-Jan-16,"2,016",1,23,-8,-4,-11,0,0,0,Winter
22-Jan-16,"2,016",1,22,-7,-2,-12,0,0,0,Winter
21-Jan-16,"2,016",1,21,-7,-4,-10,0,1,0,Winter
20-Jan-16,"2,016",1,20,-6,-4,-8,0,0,0,Winter
19-Jan-16,"2,016",1,19,-9,-4,-15,0,0,0,Winter
18-Jan-16,"2,016",1,18,-10,-8,-12,0,2,2,Winter
17-Jan-16,"2,016",1,17,-5,0,-11,0,0,0,Winter
16-Jan-16,"2,016",1,16,-1,4,-4,1,0,1,Winter
15-Jan-16,"2,016",1,15,1,4,-3,2,0,2,Winter
14-Jan-16,"2,016",1,14,-5,-2,-9,0,0,0,Winter
13-Jan-16,"2,016",1,13,-9,-7,-11,0,0,0,Winter
12-Jan-16,"2,016",1,12,-6,-2,-10,0,5,4,Winter
11-Jan-16,"2,016",1,11,-8,-6,-11,0,0,0,Winter
10-Jan-16,"2,016",1,10,0,7,-7,18,0,18,Winter
09-Jan-16,"2,016",1,9,6,9,3,2,0,2,Winter
08-Jan-16,"2,016",1,8,-1,4,-6,3,0,3,Winter
07-Jan-16,"2,016",1,7,-1,4,-5,0,0,0,Winter
06-Jan-16,"2,016",1,6,-2,2,-7,0,0,0,Winter
05-Jan-16,"2,016",1,5,-9,-3,-15,0,0,0,Winter
04-Jan-16,"2,016",1,4,-13,-11,-15,0,0,0,Winter
03-Jan-16,"2,016",1,3,-5,2,-12,0,0,0,Winter
02-Jan-16,"2,016",1,2,-2,0,-4,0,0,0,Winter
01-Jan-16,"2,016",1,1,-2,0,-4,0,1,1,Winter
29-Feb-16,"2,016",2,29,1,10,-8,0,0,0,Winter
28-Feb-16,"2,016",2,28,8,14,2,0,0,0,Winter
27-Feb-16,"2,016",2,27,-1,5,-6,0,0,0,Winter
26-Feb-16,"2,016",2,26,-7,-3,-11,0,0,0,Winter
25-Feb-16,"2,016",2,25,-3,1,-6,1,2,3,Winter
24-Feb-16,"2,016",2,24,1,2,-1,21,3,24,Winter
23-Feb-16,"2,016",2,23,-1,2,-4,0,0,0,Winter
22-Feb-16,"2,016",2,22,-2,1,-5,,0,,Winter
21-Feb-16,"2,016",2,21,2,6,-2,0,0,0,Winter
20-Feb-16,"2,016",2,20,8,13,3,0,0,0,Winter
19-Feb-16,"2,016",2,19,2,9,-5,,0,,Winter
18-Feb-16,"2,016",2,18,-10,-5,-15,0,0,0,Winter
17-Feb-16,"2,016",2,17,-6,-1,-11,0,1,1,Winter
16-Feb-16,"2,016",2,16,-1,0,-2,0,7,7,Winter
15-Feb-16,"2,016",2,15,-6,-1,-11,0,0,0,Winter
14-Feb-16,"2,016",2,14,-17,-11,-24,0,0,0,Winter
13-Feb-16,"2,016",2,13,-21,-16,-26,0,0,0,Winter
12-Feb-16,"2,016",2,12,-10,-4,-16,0,1,1,Winter
11-Feb-16,"2,016",2,11,-13,-10,-17,0,0,0,Winter
10-Feb-16,"2,016",2,10,-7,-1,-12,0,1,1,Winter
09-Feb-16,"2,016",2,9,-1,1,-3,0,2,1,Winter
08-Feb-16,"2,016",2,8,2,5,-2,0,1,1,Winter
07-Feb-16,"2,016",2,7,2,6,-3,0,0,0,Winter
06-Feb-16,"2,016",2,6,1,4,-2,0,0,0,Winter
05-Feb-16,"2,016",2,5,0,3,-3,0,0,0,Winter
04-Feb-16,"2,016",2,4,1,4,-2,0,0,0,Winter
03-Feb-16,"2,016",2,3,9,16,2,3,0,3,Winter
02-Feb-16,"2,016",2,2,0,3,-3,3,0,4,Winter
01-Feb-16,"2,016",2,1,4,9,-1,0,0,0,Winter
31-Mar-16,"2,016",3,31,12,17,8,20,0,20,Spring
30-Mar-16,"2,016",3,30,4,10,-2,0,0,0,Spring
29-Mar-16,"2,016",3,29,3,8,-1,0,0,0,Spring
28-Mar-16,"2,016",3,28,6,9,2,8,0,8,Spring
27-Mar-16,"2,016",3,27,5,12,-2,0,0,0,Spring
26-Mar-16,"2,016",3,26,1,6,-4,0,0,0,Spring
25-Mar-16,"2,016",3,25,0,1,-2,0,0,0,Spring
24-Mar-16,"2,016",3,24,-1,0,-2,9,1,15,Spring
23-Mar-16,"2,016",3,23,2,4,-1,0,0,1,Spring
22-Mar-16,"2,016",3,22,1,6,-4,2,0,2,Spring
21-Mar-16,"2,016",3,21,0,4,-4,0,0,0,Spring
20-Mar-16,"2,016",3,20,-2,3,-6,0,0,0,Spring
19-Mar-16,"2,016",3,19,-2,2,-6,0,0,0,Spring
18-Mar-16,"2,016",3,18,1,6,-3,0,0,0,Spring
17-Mar-16,"2,016",3,17,7,11,3,1,0,1,Spring
16-Mar-16,"2,016",3,16,9,14,5,2,0,2,Spring
15-Mar-16,"2,016",3,15,8,10,5,6,0,6,Spring
14-Mar-16,"2,016",3,14,6,9,3,11,0,11,Spring
13-Mar-16,"2,016",3,13,6,9,4,0,0,0,Spring
12-Mar-16,"2,016",3,12,8,17,-1,0,0,0,Spring
11-Mar-16,"2,016",3,11,5,9,2,0,0,0,Spring
10-Mar-16,"2,016",3,10,8,13,3,4,0,4,Spring
09-Mar-16,"2,016",3,9,13,20,5,0,0,0,Spring
08-Mar-16,"2,016",3,8,7,12,3,0,0,0,Spring
07-Mar-16,"2,016",3,7,6,12,1,0,0,0,Spring
06-Mar-16,"2,016",3,6,-3,3,-9,0,0,0,Spring
05-Mar-16,"2,016",3,5,-3,0,-6,0,0,0,Spring
04-Mar-16,"2,016",3,4,-3,0,-6,0,0,0,Spring
03-Mar-16,"2,016",3,3,-7,-4,-10,0,1,1,Spring
02-Mar-16,"2,016",3,2,-8,-5,-11,0,0,0,Spring
01-Mar-16,"2,016",3,1,-9,-7,-11,0,9,10,Spring
30-Apr-16,"2,016",4,30,8,15,2,0,0,0,Spring
29-Apr-16,"2,016",4,29,8,11,4,0,0,0,Spring
28-Apr-16,"2,016",4,28,5,9,0,0,0,0,Spring
27-Apr-16,"2,016",4,27,6,11,0,0,0,0,Spring
26-Apr-16,"2,016",4,26,4,6,2,12,0,12,Spring
25-Apr-16,"2,016",4,25,6,9,4,11,0,11,Spring
24-Apr-16,"2,016",4,24,6,11,1,0,0,0,Spring
23-Apr-16,"2,016",4,23,7,13,2,0,0,0,Spring
22-Apr-16,"2,016",4,22,12,18,6,1,0,1,Spring
21-Apr-16,"2,016",4,21,10,15,5,1,0,1,Spring
20-Apr-16,"2,016",4,20,9,15,3,0,0,0,Spring
19-Apr-16,"2,016",4,19,11,16,6,0,0,0,Spring
18-Apr-16,"2,016",4,18,16,26,7,0,0,0,Spring
17-Apr-16,"2,016",4,17,13,21,4,0,0,0,Spring
16-Apr-16,"2,016",4,16,11,18,4,0,0,0,Spring
15-Apr-16,"2,016",4,15,7,15,0,0,0,0,Spring
14-Apr-16,"2,016",4,14,4,10,-3,0,0,0,Spring
13-Apr-16,"2,016",4,13,2,7,-4,0,0,0,Spring
12-Apr-16,"2,016",4,12,3,7,-2,0,0,0,Spring
11-Apr-16,"2,016",4,11,6,11,0,3,0,3,Spring
10-Apr-16,"2,016",4,10,-3,1,-8,1,3,8,Spring
09-Apr-16,"2,016",4,9,-4,-1,-7,0,0,0,Spring
08-Apr-16,"2,016",4,8,0,4,-4,0,0,0,Spring
07-Apr-16,"2,016",4,7,3,8,-1,1,0,1,Spring
06-Apr-16,"2,016",4,6,2,7,-3,6,3,9,Spring
05-Apr-16,"2,016",4,5,-4,1,-9,0,0,0,Spring
04-Apr-16,"2,016",4,4,-5,-2,-7,0,4,4,Spring
03-Apr-16,"2,016",4,3,-4,-1,-7,0,10,9,Spring
02-Apr-16,"2,016",4,2,1,5,-4,0,1,1,Spring
01-Apr-16,"2,016",4,1,8,13,3,0,0,0,Spring
31-May-16,"2,016",5,31,20,27,13,0,0,0,Spring
30-May-16,"2,016",5,30,22,28,17,0,0,0,Spring
29-May-16,"2,016",5,29,26,31,20,0,0,0,Spring
28-May-16,"2,016",5,28,25,32,19,0,0,0,Spring
27-May-16,"2,016",5,27,23,30,16,0,0,0,Spring
26-May-16,"2,016",5,26,21,25,17,2,0,2,Spring
25-May-16,"2,016",5,25,23,30,16,0,0,0,Spring
24-May-16,"2,016",5,24,21,30,12,0,0,0,Spring
23-May-16,"2,016",5,23,18,26,11,0,0,0,Spring
22-May-16,"2,016",5,22,18,23,13,0,0,0,Spring
21-May-16,"2,016",5,21,18,23,12,0,0,0,Spring
20-May-16,"2,016",5,20,15,22,8,0,0,0,Spring
19-May-16,"2,016",5,19,15,20,9,0,0,0,Spring
18-May-16,"2,016",5,18,10,16,4,0,0,0,Spring
17-May-16,"2,016",5,17,10,16,5,0,0,0,Spring
16-May-16,"2,016",5,16,9,19,0,2,0,2,Spring
15-May-16,"2,016",5,15,5,8,2,1,0,1,Spring
14-May-16,"2,016",5,14,8,14,2,5,0,5,Spring
13-May-16,"2,016",5,13,17,21,13,8,0,8,Spring
12-May-16,"2,016",5,12,14,21,6,7,0,7,Spring
11-May-16,"2,016",5,11,11,19,4,0,0,0,Spring
10-May-16,"2,016",5,10,10,17,3,0,0,0,Spring
09-May-16,"2,016",5,9,9,16,2,0,0,0,Spring
08-May-16,"2,016",5,8,10,15,4,2,0,2,Spring
07-May-16,"2,016",5,7,12,17,7,0,0,0,Spring
06-May-16,"2,016",5,6,15,21,8,0,0,0,Spring
05-May-16,"2,016",5,5,12,17,7,0,0,0,Spring
04-May-16,"2,016",5,4,11,16,6,0,0,0,Spring
03-May-16,"2,016",5,3,9,13,5,0,0,0,Spring
02-May-16,"2,016",5,2,10,13,6,1,0,1,Spring
01-May-16,"2,016",5,1,9,10,7,6,0,6,Spring
30-Jun-16,"2,016",6,30,20,27,13,0,0,0,Summer
29-Jun-16,"2,016",6,29,20,27,14,0,0,0,Summer
28-Jun-16,"2,016",6,28,19,23,15,0,0,0,Summer
27-Jun-16,"2,016",6,27,27,33,20,0,0,0,Summer
26-Jun-16,"2,016",6,26,26,34,18,6,0,6,Summer
25-Jun-16,"2,016",6,25,23,29,16,0,0,0,Summer
24-Jun-16,"2,016",6,24,21,27,14,0,0,0,Summer
23-Jun-16,"2,016",6,23,18,25,12,0,0,0,Summer
22-Jun-16,"2,016",6,22,21,26,15,0,0,0,Summer
21-Jun-16,"2,016",6,21,20,27,14,0,0,0,Summer
20-Jun-16,"2,016",6,20,27,35,18,0,0,0,Summer
19-Jun-16,"2,016",6,19,26,34,18,0,0,0,Summer
18-Jun-16,"2,016",6,18,24,32,17,0,0,0,Summer
17-Jun-16,"2,016",6,17,22,29,15,0,0,0,Summer
16-Jun-16,"2,016",6,16,22,27,16,0,0,0,Summer
15-Jun-16,"2,016",6,15,18,25,11,0,0,0,Summer
14-Jun-16,"2,016",6,14,15,21,9,0,0,0,Summer
13-Jun-16,"2,016",6,13,16,20,11,0,0,0,Summer
12-Jun-16,"2,016",6,12,17,21,13,0,0,0,Summer
11-Jun-16,"2,016",6,11,22,31,13,7,0,7,Summer
10-Jun-16,"2,016",6,10,16,23,8,0,0,0,Summer
09-Jun-16,"2,016",6,9,14,21,8,0,0,0,Summer
08-Jun-16,"2,016",6,8,11,14,7,0,0,0,Summer
07-Jun-16,"2,016",6,7,15,20,10,0,0,0,Summer
06-Jun-16,"2,016",6,6,20,26,15,1,0,1,Summer
05-Jun-16,"2,016",6,5,21,25,17,6,0,6,Summer
04-Jun-16,"2,016",6,4,20,26,14,5,0,5,Summer
03-Jun-16,"2,016",6,3,20,26,15,0,0,0,Summer
02-Jun-16,"2,016",6,2,23,30,16,0,0,0,Summer
01-Jun-16,"2,016",6,1,16,20,12,0,0,0,Summer
31-Jul-16,"2,016",7,31,23,25,21,0,0,0,Summer
30-Jul-16,"2,016",7,30,23,27,19,0,0,0,Summer
29-Jul-16,"2,016",7,29,24,28,20,4,0,4,Summer
28-Jul-16,"2,016",7,28,25,30,21,1,0,1,Summer
27-Jul-16,"2,016",7,27,26,34,18,0,0,0,Summer
26-Jul-16,"2,016",7,26,24,31,17,0,0,0,Summer
25-Jul-16,"2,016",7,25,27,32,21,9,0,9,Summer
24-Jul-16,"2,016",7,24,24,27,20,0,0,0,Summer
23-Jul-16,"2,016",7,23,28,34,22,0,0,0,Summer
22-Jul-16,"2,016",7,22,29,35,23,0,0,0,Summer
21-Jul-16,"2,016",7,21,26,34,19,0,0,0,Summer
20-Jul-16,"2,016",7,20,21,28,15,0,0,0,Summer
19-Jul-16,"2,016",7,19,20,26,14,0,0,0,Summer
18-Jul-16,"2,016",7,18,24,30,17,0,0,0,Summer
17-Jul-16,"2,016",7,17,20,26,14,0,0,0,Summer
16-Jul-16,"2,016",7,16,19,23,15,0,0,0,Summer
15-Jul-16,"2,016",7,15,22,27,16,1,0,1,Summer
14-Jul-16,"2,016",7,14,26,31,20,7,0,7,Summer
13-Jul-16,"2,016",7,13,29,36,21,5,0,5,Summer
12-Jul-16,"2,016",7,12,26,31,20,0,0,0,Summer
11-Jul-16,"2,016",7,11,22,27,18,0,0,0,Summer
10-Jul-16,"2,016",7,10,23,29,17,0,0,0,Summer
09-Jul-16,"2,016",7,9,23,27,19,6,0,6,Summer
08-Jul-16,"2,016",7,8,25,29,20,1,0,1,Summer
07-Jul-16,"2,016",7,7,27,32,21,1,0,1,Summer
06-Jul-16,"2,016",7,6,26,32,19,0,0,0,Summer
05-Jul-16,"2,016",7,5,26,33,20,0,0,0,Summer
04-Jul-16,"2,016",7,4,22,29,15,0,0,0,Summer
03-Jul-16,"2,016",7,3,21,28,14,0,0,0,Summer
02-Jul-16,"2,016",7,2,19,26,12,0,0,0,Summer
01-Jul-16,"2,016",7,1,18,23,13,6,0,6,Summer
31-Aug-16,"2,016",8,31,23,29,17,0,0,0,Summer
30-Aug-16,"2,016",8,30,24,30,17,0,0,0,Summer
29-Aug-16,"2,016",8,29,23,28,18,0,0,0,Summer
28-Aug-16,"2,016",8,28,25,31,20,0,0,0,Summer
27-Aug-16,"2,016",8,27,22,27,16,0,0,0,Summer
26-Aug-16,"2,016",8,26,24,30,19,0,0,0,Summer
25-Aug-16,"2,016",8,25,26,31,22,15,0,15,Summer
24-Aug-16,"2,016",8,24,24,31,17,1,0,1,Summer
23-Aug-16,"2,016",8,23,22,29,15,0,0,0,Summer
22-Aug-16,"2,016",8,22,19,25,13,0,0,0,Summer
21-Aug-16,"2,016",8,21,22,27,17,1,0,1,Summer
20-Aug-16,"2,016",8,20,26,31,21,3,0,3,Summer
19-Aug-16,"2,016",8,19,24,30,19,0,0,0,Summer
18-Aug-16,"2,016",8,18,24,29,19,0,0,0,Summer
17-Aug-16,"2,016",8,17,22,28,16,0,0,0,Summer
16-Aug-16,"2,016",8,16,24,30,18,12,0,12,Summer
15-Aug-16,"2,016",8,15,22,27,18,0,0,0,Summer
14-Aug-16,"2,016",8,14,24,29,19,0,0,0,Summer
13-Aug-16,"2,016",8,13,26,30,22,28,0,28,Summer
12-Aug-16,"2,016",8,12,31,36,25,0,0,0,Summer
11-Aug-16,"2,016",8,11,28,34,22,0,0,0,Summer
10-Aug-16,"2,016",8,10,29,36,22,0,0,0,Summer
09-Aug-16,"2,016",8,9,25,32,17,0,0,0,Summer
08-Aug-16,"2,016",8,8,22,28,16,0,0,0,Summer
07-Aug-16,"2,016",8,7,23,29,18,0,0,0,Summer
06-Aug-16,"2,016",8,6,24,30,19,0,0,0,Summer
05-Aug-16,"2,016",8,5,28,34,22,0,0,0,Summer
04-Aug-16,"2,016",8,4,26,32,20,0,0,0,Summer
03-Aug-16,"2,016",8,3,24,29,19,0,0,0,Summer
02-Aug-16,"2,016",8,2,24,29,19,0,0,0,Summer
01-Aug-16,"2,016",8,1,24,28,19,7,0,7,Summer
30-Nov-16,"2,016",11,30,9,12,6,7,0,7,Fall
29-Nov-16,"2,016",11,29,10,15,6,2,0,2,Fall
28-Nov-16,"2,016",11,28,5,8,3,2,0,2,Fall
27-Nov-16,"2,016",11,27,4,8,1,0,0,0,Fall
26-Nov-16,"2,016",11,26,4,6,2,2,0,2,Fall
25-Nov-16,"2,016",11,25,5,7,4,1,0,1,Fall
24-Nov-16,"2,016",11,24,3,4,1,4,0,4,Fall
23-Nov-16,"2,016",11,23,-1,1,-3,1,0,2,Fall
22-Nov-16,"2,016",11,22,-1,3,-5,0,0,0,Fall
21-Nov-16,"2,016",11,21,-1,2,-3,0,0,0,Fall
20-Nov-16,"2,016",11,20,0,2,-3,0,1,1,Fall
19-Nov-16,"2,016",11,19,7,15,0,5,0,5,Fall
18-Nov-16,"2,016",11,18,11,17,5,0,0,0,Fall
17-Nov-16,"2,016",11,17,7,12,2,0,0,0,Fall
16-Nov-16,"2,016",11,16,8,12,3,0,0,0,Fall
15-Nov-16,"2,016",11,15,7,13,1,0,0,0,Fall
14-Nov-16,"2,016",11,14,9,14,3,0,0,0,Fall
13-Nov-16,"2,016",11,13,7,13,1,0,0,0,Fall
12-Nov-16,"2,016",11,12,4,10,-3,0,0,0,Fall
11-Nov-16,"2,016",11,11,6,12,0,0,0,0,Fall
10-Nov-16,"2,016",11,10,9,17,1,0,0,0,Fall
09-Nov-16,"2,016",11,9,6,11,1,0,0,0,Fall
08-Nov-16,"2,016",11,8,11,17,5,2,0,2,Fall
07-Nov-16,"2,016",11,7,8,15,1,0,0,0,Fall
06-Nov-16,"2,016",11,6,9,13,5,0,0,0,Fall
05-Nov-16,"2,016",11,5,12,16,7,0,0,0,Fall
04-Nov-16,"2,016",11,4,8,12,4,0,0,0,Fall
03-Nov-16,"2,016",11,3,10,14,6,22,0,22,Fall
02-Nov-16,"2,016",11,2,15,18,12,5,0,5,Fall
01-Nov-16,"2,016",11,1,12,18,6,0,0,0,Fall
31-Oct-16,"2,016",10,31,5,9,0,0,0,0,Fall
30-Oct-16,"2,016",10,30,6,11,1,1,0,1,Fall
29-Oct-16,"2,016",10,29,15,20,11,0,0,0,Fall
28-Oct-16,"2,016",10,28,5,11,0,0,0,0,Fall
27-Oct-16,"2,016",10,27,3,5,1,8,0,8,Fall
26-Oct-16,"2,016",10,26,3,5,0,1,0,1,Fall
25-Oct-16,"2,016",10,25,6,8,4,0,0,0,Fall
24-Oct-16,"2,016",10,24,8,10,5,0,0,0,Fall
23-Oct-16,"2,016",10,23,9,15,3,0,0,0,Fall
22-Oct-16,"2,016",10,22,6,9,3,0,0,0,Fall
21-Oct-16,"2,016",10,21,8,11,5,6,0,6,Fall
20-Oct-16,"2,016",10,20,13,15,11,9,0,9,Fall
19-Oct-16,"2,016",10,19,16,21,10,0,0,0,Fall
18-Oct-16,"2,016",10,18,19,26,12,0,0,0,Fall
17-Oct-16,"2,016",10,17,19,22,16,0,0,0,Fall
16-Oct-16,"2,016",10,16,19,21,17,2,0,2,Fall
15-Oct-16,"2,016",10,15,13,19,7,0,0,0,Fall
14-Oct-16,"2,016",10,14,10,15,4,0,0,0,Fall
13-Oct-16,"2,016",10,13,12,20,4,0,0,0,Fall
12-Oct-16,"2,016",10,12,16,22,10,0,0,0,Fall
11-Oct-16,"2,016",10,11,10,17,3,0,0,0,Fall
10-Oct-16,"2,016",10,10,8,14,2,0,0,0,Fall
09-Oct-16,"2,016",10,9,9,13,4,0,0,0,Fall
08-Oct-16,"2,016",10,8,13,18,8,5,0,5,Fall
07-Oct-16,"2,016",10,7,18,22,13,0,0,0,Fall
06-Oct-16,"2,016",10,6,19,23,16,0,0,0,Fall
05-Oct-16,"2,016",10,5,17,20,14,0,0,0,Fall
04-Oct-16,"2,016",10,4,17,20,15,0,0,0,Fall
03-Oct-16,"2,016",10,3,16,19,13,0,0,0,Fall
02-Oct-16,"2,016",10,2,16,19,14,7,0,7,Fall
01-Oct-16,"2,016",10,1,14,16,13,1,0,1,Fall
30-Sep-16,"2,016",9,30,16,19,13,0,0,0,Fall
29-Sep-16,"2,016",9,29,15,17,13,8,0,8,Fall
28-Sep-16,"2,016",9,28,17,22,13,0,0,0,Fall
27-Sep-16,"2,016",9,27,16,22,9,0,0,0,Fall
26-Sep-16,"2,016",9,26,15,18,11,12,0,12,Fall
25-Sep-16,"2,016",9,25,13,18,8,0,0,0,Fall
24-Sep-16,"2,016",9,24,14,19,8,0,0,0,Fall
23-Sep-16,"2,016",9,23,16,22,11,1,0,1,Fall
22-Sep-16,"2,016",9,22,22,30,14,0,0,0,Fall
21-Sep-16,"2,016",9,21,21,28,14,0,0,0,Fall
20-Sep-16,"2,016",9,20,22,29,15,0,0,0,Fall
19-Sep-16,"2,016",9,19,21,27,16,0,0,0,Fall
18-Sep-16,"2,016",9,18,22,27,17,0,0,0,Fall
17-Sep-16,"2,016",9,17,21,23,19,7,0,7,Fall
16-Sep-16,"2,016",9,16,17,24,11,0,0,0,Fall
15-Sep-16,"2,016",9,15,15,20,11,0,0,0,Fall
14-Sep-16,"2,016",9,14,17,22,12,0,0,0,Fall
13-Sep-16,"2,016",9,13,21,28,15,0,0,0,Fall
12-Sep-16,"2,016",9,12,18,25,12,0,0,0,Fall
11-Sep-16,"2,016",9,11,19,23,14,0,0,0,Fall
10-Sep-16,"2,016",9,10,24,29,19,2,0,2,Fall
09-Sep-16,"2,016",9,9,24,29,20,0,0,0,Fall
08-Sep-16,"2,016",9,8,26,30,21,3,0,3,Fall
07-Sep-16,"2,016",9,7,29,35,22,33,0,33,Fall
06-Sep-16,"2,016",9,6,25,31,20,0,0,0,Fall
05-Sep-16,"2,016",9,5,22,29,14,0,0,0,Fall
04-Sep-16,"2,016",9,4,19,25,13,0,0,0,Fall
03-Sep-16,"2,016",9,3,18,24,13,0,0,0,Fall
02-Sep-16,"2,016",9,2,19,24,13,0,0,0,Fall
01-Sep-16,"2,016",9,1,19,23,16,0,0,0,Fall
31-Dec-16,"2,016",12,31,0,4,-4,1,1,2,Winter
30-Dec-16,"2,016",12,30,-2,0,-4,0,0,0,Winter
29-Dec-16,"2,016",12,29,0,2,-2,0,6,6,Winter
28-Dec-16,"2,016",12,28,-2,1,-4,0,0,0,Winter
27-Dec-16,"2,016",12,27,2,7,-3,0,0,0,Winter
26-Dec-16,"2,016",12,26,3,10,-4,20,0,20,Winter
25-Dec-16,"2,016",12,25,0,3,-3,0,0,0,Winter
24-Dec-16,"2,016",12,24,2,3,1,5,0,5,Winter
23-Dec-16,"2,016",12,23,0,3,-3,0,0,0,Winter
22-Dec-16,"2,016",12,22,1,3,-1,0,0,0,Winter
21-Dec-16,"2,016",12,21,-4,-1,-8,0,1,1,Winter
20-Dec-16,"2,016",12,20,-5,0,-10,0,0,0,Winter
19-Dec-16,"2,016",12,19,-10,-8,-13,0,0,0,Winter
18-Dec-16,"2,016",12,18,-8,-1,-14,1,0,1,Winter
17-Dec-16,"2,016",12,17,-3,0,-6,2,6,7,Winter
16-Dec-16,"2,016",12,16,-9,-6,-11,0,3,3,Winter
15-Dec-16,"2,016",12,15,-10,-8,-13,0,4,4,Winter
14-Dec-16,"2,016",12,14,-8,-5,-11,0,0,0,Winter
13-Dec-16,"2,016",12,13,-4,-1,-7,0,0,0,Winter
12-Dec-16,"2,016",12,12,0,2,-3,0,3,3,Winter
11-Dec-16,"2,016",12,11,-4,0,-7,0,14,15,Winter
10-Dec-16,"2,016",12,10,-4,-1,-7,0,0,0,Winter
09-Dec-16,"2,016",12,9,-4,-1,-7,0,0,0,Winter
08-Dec-16,"2,016",12,8,-2,0,-4,0,1,1,Winter
07-Dec-16,"2,016",12,7,1,3,-1,0,0,0,Winter
06-Dec-16,"2,016",12,6,2,5,-1,5,0,5,Winter
05-Dec-16,"2,016",12,5,3,6,0,0,3,3,Winter
04-Dec-16,"2,016",12,4,2,3,0,,1,1,Winter
03-Dec-16,"2,016",12,3,3,6,0,0,0,0,Winter
02-Dec-16,"2,016",12,2,4,6,2,0,0,0,Winter
01-Dec-16,"2,016",12,1,6,8,4,0,0,0,Winter
31-Jan-15,"2,015",1,31,-10,-3,-18,0,0,0,Winter
30-Jan-15,"2,015",1,30,-9,-2,-17,0,0,0,Winter
29-Jan-15,"2,015",1,29,-4,0,-7,0,5,6,Winter
28-Jan-15,"2,015",1,28,-7,-1,-13,0,0,0,Winter
27-Jan-15,"2,015",1,27,-9,-6,-13,0,1,0,Winter
26-Jan-15,"2,015",1,26,-11,-8,-14,0,0,0,Winter
25-Jan-15,"2,015",1,25,-8,-3,-13,0,0,0,Winter
24-Jan-15,"2,015",1,24,-3,1,-6,0,0,0,Winter
23-Jan-15,"2,015",1,23,-2,1,-6,,,,Winter
22-Jan-15,"2,015",1,22,-4,1,-9,0,0,0,Winter
21-Jan-15,"2,015",1,21,-8,-3,-14,0,0,0,Winter
20-Jan-15,"2,015",1,20,-10,-6,-13,0,0,0,Winter
19-Jan-15,"2,015",1,19,-5,0,-9,0,0,0,Winter
18-Jan-15,"2,015",1,18,3,6,0,0,0,0,Winter
17-Jan-15,"2,015",1,17,-6,4,-15,0,1,0,Winter
16-Jan-15,"2,015",1,16,-9,-2,-16,0,0,0,Winter
15-Jan-15,"2,015",1,15,-8,-3,-14,0,0,0,Winter
14-Jan-15,"2,015",1,14,-10,-4,-16,0,0,0,Winter
13-Jan-15,"2,015",1,13,-16,-12,-21,0,0,0,Winter
12-Jan-15,"2,015",1,12,-9,-1,-17,0,1,1,Winter
11-Jan-15,"2,015",1,11,-6,0,-11,,0,,Winter
10-Jan-15,"2,015",1,10,-13,-10,-16,0,0,0,Winter
09-Jan-15,"2,015",1,9,-10,-6,-14,0,2,2,Winter
08-Jan-15,"2,015",1,8,-13,-9,-17,0,1,1,Winter
07-Jan-15,"2,015",1,7,-14,-9,-18,0,0,0,Winter
06-Jan-15,"2,015",1,6,-11,-8,-14,0,0,0,Winter
05-Jan-15,"2,015",1,5,-10,-6,-14,0,1,1,Winter
04-Jan-15,"2,015",1,4,-1,4,-6,6,0,7,Winter
03-Jan-15,"2,015",1,3,-2,2,-6,8,2,11,Winter
02-Jan-15,"2,015",1,2,-4,-1,-6,0,0,1,Winter
01-Jan-15,"2,015",1,1,-5,-2,-8,0,0,0,Winter
28-Feb-15,"2,015",2,28,-12,-5,-19,0,0,0,Winter
27-Feb-15,"2,015",2,27,-15,-10,-21,0,0,0,Winter
26-Feb-15,"2,015",2,26,-14,-10,-18,0,0,0,Winter
25-Feb-15,"2,015",2,25,-12,-9,-16,0,0,0,Winter
24-Feb-15,"2,015",2,24,-15,-9,-20,0,0,0,Winter
23-Feb-15,"2,015",2,23,-18,-15,-22,0,0,0,Winter
22-Feb-15,"2,015",2,22,-10,-3,-17,0,0,0,Winter
21-Feb-15,"2,015",2,21,-11,-8,-15,0,10,8,Winter
20-Feb-15,"2,015",2,20,-19,-14,-24,0,0,0,Winter
19-Feb-15,"2,015",2,19,-18,-15,-22,0,0,0,Winter
18-Feb-15,"2,015",2,18,-12,-9,-15,0,2,1,Winter
17-Feb-15,"2,015",2,17,-13,-9,-17,0,0,0,Winter
16-Feb-15,"2,015",2,16,-19,-13,-24,0,0,0,Winter
15-Feb-15,"2,015",2,15,-22,-19,-26,0,0,0,Winter
14-Feb-15,"2,015",2,14,-14,-7,-21,0,0,0,Winter
13-Feb-15,"2,015",2,13,-16,-10,-23,0,0,0,Winter
12-Feb-15,"2,015",2,12,-11,-3,-19,0,0,0,Winter
11-Feb-15,"2,015",2,11,-6,-2,-9,0,2,1,Winter
10-Feb-15,"2,015",2,10,-8,-5,-10,0,0,0,Winter
09-Feb-15,"2,015",2,9,-12,-10,-13,0,0,0,Winter
08-Feb-15,"2,015",2,8,-11,-8,-13,,3,,Winter
07-Feb-15,"2,015",2,7,-5,-2,-8,0,6,5,Winter
06-Feb-15,"2,015",2,6,-9,-5,-13,0,1,1,Winter
05-Feb-15,"2,015",2,5,-12,-9,-15,0,0,0,Winter
04-Feb-15,"2,015",2,4,-6,-1,-10,0,1,1,Winter
03-Feb-15,"2,015",2,3,-11,-6,-16,0,1,1,Winter
02-Feb-15,"2,015",2,2,-14,-11,-17,0,6,6,Winter
01-Feb-15,"2,015",2,1,-9,-3,-14,0,7,7,Winter
31-Mar-15,"2,015",3,31,2,7,-4,0,0,0,Spring
30-Mar-15,"2,015",3,30,3,8,-3,,0,,Spring
29-Mar-15,"2,015",3,29,-2,6,-9,0,0,0,Spring
28-Mar-15,"2,015",3,28,-6,-1,-11,0,0,0,Spring
27-Mar-15,"2,015",3,27,-4,1,-8,0,0,0,Spring
26-Mar-15,"2,015",3,26,3,6,-1,1,0,1,Spring
25-Mar-15,"2,015",3,25,1,7,-5,3,0,3,Spring
24-Mar-15,"2,015",3,24,-4,2,-10,0,0,0,Spring
23-Mar-15,"2,015",3,23,-7,-3,-11,0,0,0,Spring
22-Mar-15,"2,015",3,22,-6,-2,-10,0,0,0,Spring
21-Mar-15,"2,015",3,21,0,7,-6,2,0,2,Spring
20-Mar-15,"2,015",3,20,3,8,-2,0,0,0,Spring
19-Mar-15,"2,015",3,19,-3,2,-8,0,0,0,Spring
18-Mar-15,"2,015",3,18,-2,3,-6,0,0,0,Spring
17-Mar-15,"2,015",3,17,1,6,-5,0,0,0,Spring
16-Mar-15,"2,015",3,16,6,12,0,2,0,2,Spring
15-Mar-15,"2,015",3,15,3,7,-1,0,0,0,Spring
14-Mar-15,"2,015",3,14,4,6,1,0,0,0,Spring
13-Mar-15,"2,015",3,13,2,6,-2,0,0,0,Spring
12-Mar-15,"2,015",3,12,1,4,-3,0,0,0,Spring
11-Mar-15,"2,015",3,11,4,8,0,0,0,0,Spring
10-Mar-15,"2,015",3,10,2,5,-2,0,0,0,Spring
09-Mar-15,"2,015",3,9,1,6,-4,0,0,0,Spring
08-Mar-15,"2,015",3,8,-2,2,-5,0,0,0,Spring
07-Mar-15,"2,015",3,7,-4,-1,-7,0,0,0,Spring
06-Mar-15,"2,015",3,6,-12,-5,-19,0,0,0,Spring
05-Mar-15,"2,015",3,5,-13,-10,-17,0,0,0,Spring
04-Mar-15,"2,015",3,4,-5,0,-11,0,0,0,Spring
03-Mar-15,"2,015",3,3,-6,1,-13,1,5,6,Spring
02-Mar-15,"2,015",3,2,-7,-3,-12,0,0,0,Spring
01-Mar-15,"2,015",3,1,-8,-4,-12,0,0,0,Spring
30-Apr-15,"2,015",4,30,12,18,6,0,0,0,Spring
29-Apr-15,"2,015",4,29,13,20,5,0,0,0,Spring
28-Apr-15,"2,015",4,28,12,19,5,0,0,0,Spring
27-Apr-15,"2,015",4,27,8,13,4,0,0,0,Spring
26-Apr-15,"2,015",4,26,7,13,1,0,0,0,Spring
25-Apr-15,"2,015",4,25,4,12,-3,0,0,0,Spring
24-Apr-15,"2,015",4,24,3,8,-3,0,0,0,Spring
23-Apr-15,"2,015",4,23,1,3,-1,0,0,0,Spring
22-Apr-15,"2,015",4,22,4,9,-1,0,0,0,Spring
21-Apr-15,"2,015",4,21,7,11,4,6,0,6,Spring
20-Apr-15,"2,015",4,20,11,17,5,19,0,19,Spring
19-Apr-15,"2,015",4,19,8,12,4,7,0,7,Spring
18-Apr-15,"2,015",4,18,12,20,4,0,0,0,Spring
17-Apr-15,"2,015",4,17,15,22,8,0,0,0,Spring
16-Apr-15,"2,015",4,16,9,16,2,0,0,0,Spring
15-Apr-15,"2,015",4,15,10,16,4,0,0,0,Spring
14-Apr-15,"2,015",4,14,11,18,3,0,0,0,Spring
13-Apr-15,"2,015",4,13,15,25,6,5,0,5,Spring
12-Apr-15,"2,015",4,12,10,18,2,0,0,0,Spring
11-Apr-15,"2,015",4,11,7,11,3,0,0,0,Spring
10-Apr-15,"2,015",4,10,10,17,4,3,0,3,Spring
09-Apr-15,"2,015",4,9,5,9,2,11,0,11,Spring
08-Apr-15,"2,015",4,8,3,4,1,18,0,18,Spring
07-Apr-15,"2,015",4,7,4,8,1,0,0,0,Spring
06-Apr-15,"2,015",4,6,5,9,0,0,0,0,Spring
05-Apr-15,"2,015",4,5,-1,2,-3,0,0,0,Spring
04-Apr-15,"2,015",4,4,2,5,-2,0,2,2,Spring
03-Apr-15,"2,015",4,3,8,15,2,4,0,4,Spring
02-Apr-15,"2,015",4,2,10,18,2,4,0,4,Spring
01-Apr-15,"2,015",4,1,2,7,-4,0,0,0,Spring
31-May-15,"2,015",5,31,9,11,7,20,0,20,Spring
30-May-15,"2,015",5,30,20,29,11,23,0,23,Spring
29-May-15,"2,015",5,29,21,26,16,0,0,0,Spring
28-May-15,"2,015",5,28,21,26,15,0,0,0,Spring
27-May-15,"2,015",5,27,23,29,17,0,0,0,Spring
26-May-15,"2,015",5,26,24,29,18,0,0,0,Spring
25-May-15,"2,015",5,25,23,28,17,0,0,0,Spring
24-May-15,"2,015",5,24,20,29,11,0,0,0,Spring
23-May-15,"2,015",5,23,12,23,1,0,0,0,Spring
22-May-15,"2,015",5,22,10,16,4,0,0,0,Spring
21-May-15,"2,015",5,21,14,20,7,0,0,0,Spring
20-May-15,"2,015",5,20,10,17,3,0,0,0,Spring
19-May-15,"2,015",5,19,12,20,4,0,0,0,Spring
18-May-15,"2,015",5,18,21,29,13,0,0,0,Spring
17-May-15,"2,015",5,17,18,23,13,0,0,0,Spring
16-May-15,"2,015",5,16,19,26,12,0,0,0,Spring
15-May-15,"2,015",5,15,12,15,9,0,0,0,Spring
14-May-15,"2,015",5,14,10,17,3,0,0,0,Spring
13-May-15,"2,015",5,13,9,14,5,0,0,0,Spring
12-May-15,"2,015",5,12,12,17,7,0,0,0,Spring
11-May-15,"2,015",5,11,16,20,13,6,0,6,Spring
10-May-15,"2,015",5,10,21,26,16,2,0,2,Spring
09-May-15,"2,015",5,9,20,27,13,10,0,10,Spring
08-May-15,"2,015",5,8,18,25,12,0,0,0,Spring
07-May-15,"2,015",5,7,17,24,9,0,0,0,Spring
06-May-15,"2,015",5,6,15,22,7,0,0,0,Spring
05-May-15,"2,015",5,5,12,16,7,0,0,0,Spring
04-May-15,"2,015",5,4,17,24,10,0,0,0,Spring
03-May-15,"2,015",5,3,17,26,9,0,0,0,Spring
02-May-15,"2,015",5,2,15,24,7,0,0,0,Spring
01-May-15,"2,015",5,1,15,22,7,0,0,0,Spring
30-Jun-15,"2,015",6,30,17,20,15,0,0,0,Summer
29-Jun-15,"2,015",6,29,19,24,14,0,0,0,Summer
28-Jun-15,"2,015",6,28,14,16,12,14,0,14,Summer
27-Jun-15,"2,015",6,27,16,19,13,34,0,34,Summer
26-Jun-15,"2,015",6,26,19,23,14,0,0,0,Summer
25-Jun-15,"2,015",6,25,19,23,16,0,0,0,Summer
24-Jun-15,"2,015",6,24,20,26,14,0,0,0,Summer
23-Jun-15,"2,015",6,23,21,26,15,2,0,2,Summer
22-Jun-15,"2,015",6,22,21,26,17,22,0,22,Summer
21-Jun-15,"2,015",6,21,22,27,17,0,0,0,Summer
20-Jun-15,"2,015",6,20,17,23,12,0,0,0,Summer
19-Jun-15,"2,015",6,19,17,20,15,0,0,0,Summer
18-Jun-15,"2,015",6,18,21,27,15,0,0,0,Summer
17-Jun-15,"2,015",6,17,18,22,14,0,0,0,Summer
16-Jun-15,"2,015",6,16,21,27,16,24,0,24,Summer
15-Jun-15,"2,015",6,15,21,25,17,0,0,0,Summer
14-Jun-15,"2,015",6,14,18,19,17,4,0,4,Summer
13-Jun-15,"2,015",6,13,19,23,15,0,0,0,Summer
12-Jun-15,"2,015",6,12,16,18,14,11,0,11,Summer
11-Jun-15,"2,015",6,11,19,25,13,0,0,0,Summer
10-Jun-15,"2,015",6,10,21,28,13,13,0,13,Summer
09-Jun-15,"2,015",6,9,19,23,15,2,0,2,Summer
08-Jun-15,"2,015",6,8,20,24,17,21,0,21,Summer
07-Jun-15,"2,015",6,7,15,20,9,7,0,7,Summer
06-Jun-15,"2,015",6,6,14,17,10,0,0,0,Summer
05-Jun-15,"2,015",6,5,19,25,14,6,0,6,Summer
04-Jun-15,"2,015",6,4,17,22,11,0,0,0,Summer
03-Jun-15,"2,015",6,3,14,19,9,0,0,0,Summer
02-Jun-15,"2,015",6,2,13,19,8,0,0,0,Summer
01-Jun-15,"2,015",6,1,12,16,8,0,0,0,Summer
31-Jul-15,"2,015",7,31,23,31,16,0,0,0,Summer
30-Jul-15,"2,015",7,30,25,30,20,0,0,0,Summer
29-Jul-15,"2,015",7,29,26,32,20,0,0,0,Summer
28-Jul-15,"2,015",7,28,26,33,18,0,0,0,Summer
27-Jul-15,"2,015",7,27,25,32,19,0,0,0,Summer
26-Jul-15,"2,015",7,26,24,30,18,0,0,0,Summer
25-Jul-15,"2,015",7,25,26,31,20,0,0,0,Summer
24-Jul-15,"2,015",7,24,21,30,13,0,0,0,Summer
23-Jul-15,"2,015",7,23,20,27,14,0,0,0,Summer
22-Jul-15,"2,015",7,22,20,26,15,0,0,0,Summer
21-Jul-15,"2,015",7,21,22,26,17,0,0,0,Summer
20-Jul-15,"2,015",7,20,23,29,16,0,0,0,Summer
19-Jul-15,"2,015",7,19,25,32,19,0,0,0,Summer
18-Jul-15,"2,015",7,18,25,32,19,0,0,0,Summer
17-Jul-15,"2,015",7,17,19,21,16,5,0,5,Summer
16-Jul-15,"2,015",7,16,18,23,12,0,0,0,Summer
15-Jul-15,"2,015",7,15,17,22,12,0,0,0,Summer
14-Jul-15,"2,015",7,14,21,25,16,2,0,2,Summer
13-Jul-15,"2,015",7,13,23,28,18,0,0,0,Summer
12-Jul-15,"2,015",7,12,23,28,18,0,0,0,Summer
11-Jul-15,"2,015",7,11,22,29,16,0,0,0,Summer
10-Jul-15,"2,015",7,10,20,27,13,0,0,0,Summer
09-Jul-15,"2,015",7,9,20,24,15,0,0,0,Summer
08-Jul-15,"2,015",7,8,17,21,13,0,0,0,Summer
07-Jul-15,"2,015",7,7,23,29,16,16,0,16,Summer
06-Jul-15,"2,015",7,6,22,27,17,0,0,0,Summer
05-Jul-15,"2,015",7,5,21,26,15,0,0,0,Summer
04-Jul-15,"2,015",7,4,18,25,12,0,0,0,Summer
03-Jul-15,"2,015",7,3,17,22,11,0,0,0,Summer
02-Jul-15,"2,015",7,2,18,22,13,0,0,0,Summer
01-Jul-15,"2,015",7,1,20,24,15,0,0,0,Summer
31-Aug-15,"2,015",8,31,23,29,18,0,0,0,Summer
30-Aug-15,"2,015",8,30,22,26,18,0,0,0,Summer
29-Aug-15,"2,015",8,29,20,24,15,0,0,0,Summer
28-Aug-15,"2,015",8,28,17,23,11,0,0,0,Summer
27-Aug-15,"2,015",8,27,16,19,13,0,0,0,Summer
26-Aug-15,"2,015",8,26,17,20,14,0,0,0,Summer
25-Aug-15,"2,015",8,25,18,21,14,0,0,0,Summer
24-Aug-15,"2,015",8,24,20,24,16,,,,Summer
23-Aug-15,"2,015",8,23,19,24,13,0,0,0,Summer
22-Aug-15,"2,015",8,22,18,24,12,0,0,0,Summer
21-Aug-15,"2,015",8,21,19,23,15,0,0,0,Summer
20-Aug-15,"2,015",8,20,21,26,17,,,,Summer
19-Aug-15,"2,015",8,19,25,29,20,6,0,6,Summer
18-Aug-15,"2,015",8,18,24,27,21,0,0,0,Summer
17-Aug-15,"2,015",8,17,27,33,21,0,0,0,Summer
16-Aug-15,"2,015",8,16,25,31,19,0,0,0,Summer
15-Aug-15,"2,015",8,15,24,29,19,0,0,0,Summer
14-Aug-15,"2,015",8,14,24,27,20,3,0,3,Summer
13-Aug-15,"2,015",8,13,20,27,12,0,0,0,Summer
12-Aug-15,"2,015",8,12,19,24,15,0,0,0,Summer
11-Aug-15,"2,015",8,11,22,26,18,0,0,0,Summer
10-Aug-15,"2,015",8,10,19,23,15,36,0,36,Summer
09-Aug-15,"2,015",8,9,19,25,13,0,0,0,Summer
08-Aug-15,"2,015",8,8,20,24,16,0,0,0,Summer
07-Aug-15,"2,015",8,7,20,25,14,0,0,0,Summer
06-Aug-15,"2,015",8,6,19,24,13,,0,,Summer
05-Aug-15,"2,015",8,5,19,25,14,0,0,0,Summer
04-Aug-15,"2,015",8,4,22,27,17,1,0,1,Summer
03-Aug-15,"2,015",8,3,22,27,17,1,0,1,Summer
02-Aug-15,"2,015",8,2,23,30,16,14,0,14,Summer
01-Aug-15,"2,015",8,1,22,28,16,0,0,0,Summer
30-Nov-15,"2,015",11,30,1,4,-1,0,0,0,Fall
29-Nov-15,"2,015",11,29,-1,5,-6,0,0,0,Fall
28-Nov-15,"2,015",11,28,-1,2,-4,0,0,0,Fall
27-Nov-15,"2,015",11,27,8,15,0,2,0,2,Fall
26-Nov-15,"2,015",11,26,10,15,5,0,0,0,Fall
25-Nov-15,"2,015",11,25,3,8,-3,0,0,0,Fall
24-Nov-15,"2,015",11,24,3,6,-1,0,1,0,Fall
23-Nov-15,"2,015",11,23,-2,2,-7,0,0,0,Fall
22-Nov-15,"2,015",11,22,-1,4,-6,0,0,0,Fall
21-Nov-15,"2,015",11,21,4,6,1,5,0,5,Fall
20-Nov-15,"2,015",11,20,4,7,1,0,0,0,Fall
19-Nov-15,"2,015",11,19,10,16,4,2,0,2,Fall
18-Nov-15,"2,015",11,18,11,14,9,1,0,1,Fall
17-Nov-15,"2,015",11,17,6,9,2,0,0,0,Fall
16-Nov-15,"2,015",11,16,7,12,2,0,0,0,Fall
15-Nov-15,"2,015",11,15,8,15,1,0,0,0,Fall
14-Nov-15,"2,015",11,14,3,6,1,0,0,0,Fall
13-Nov-15,"2,015",11,13,6,9,2,0,0,0,Fall
12-Nov-15,"2,015",11,12,10,13,7,2,0,2,Fall
11-Nov-15,"2,015",11,11,10,13,7,1,0,1,Fall
10-Nov-15,"2,015",11,10,5,10,0,15,0,15,Fall
09-Nov-15,"2,015",11,9,6,11,0,0,0,0,Fall
08-Nov-15,"2,015",11,8,6,11,1,0,0,0,Fall
07-Nov-15,"2,015",11,7,7,13,2,0,0,0,Fall
06-Nov-15,"2,015",11,6,13,19,8,3,0,3,Fall
05-Nov-15,"2,015",11,5,15,20,10,0,0,0,Fall
04-Nov-15,"2,015",11,4,12,16,8,0,0,0,Fall
03-Nov-15,"2,015",11,3,15,21,9,0,0,0,Fall
02-Nov-15,"2,015",11,2,9,15,4,0,0,0,Fall
01-Nov-15,"2,015",11,1,10,15,5,3,0,3,Fall
31-Oct-15,"2,015",10,31,6,10,1,2,0,2,Fall
30-Oct-15,"2,015",10,30,5,10,1,0,0,0,Fall
29-Oct-15,"2,015",10,29,10,14,6,0,0,0,Fall
28-Oct-15,"2,015",10,28,12,15,9,37,0,37,Fall
27-Oct-15,"2,015",10,27,7,11,2,0,0,0,Fall
26-Oct-15,"2,015",10,26,6,10,2,0,0,0,Fall
25-Oct-15,"2,015",10,25,8,14,3,0,0,0,Fall
24-Oct-15,"2,015",10,24,12,16,7,4,0,4,Fall
23-Oct-15,"2,015",10,23,5,9,1,0,0,0,Fall
22-Oct-15,"2,015",10,22,11,16,5,0,0,0,Fall
21-Oct-15,"2,015",10,21,11,13,9,1,0,1,Fall
20-Oct-15,"2,015",10,20,15,18,12,0,0,0,Fall
19-Oct-15,"2,015",10,19,7,16,-2,1,0,1,Fall
18-Oct-15,"2,015",10,18,2,6,-3,0,0,0,Fall
17-Oct-15,"2,015",10,17,2,6,-2,0,0,0,Fall
16-Oct-15,"2,015",10,16,7,13,2,1,0,1,Fall
15-Oct-15,"2,015",10,15,12,19,4,4,0,4,Fall
14-Oct-15,"2,015",10,14,9,13,6,0,0,0,Fall
13-Oct-15,"2,015",10,13,15,19,11,0,0,0,Fall
12-Oct-15,"2,015",10,12,18,23,13,0,0,0,Fall
11-Oct-15,"2,015",10,11,17,23,11,0,0,0,Fall
10-Oct-15,"2,015",10,10,10,16,4,0,0,0,Fall
09-Oct-15,"2,015",10,9,11,17,6,1,0,1,Fall
08-Oct-15,"2,015",10,8,11,15,7,13,0,13,Fall
07-Oct-15,"2,015",10,7,15,22,9,0,0,0,Fall
06-Oct-15,"2,015",10,6,13,17,10,0,0,0,Fall
05-Oct-15,"2,015",10,5,12,14,10,1,0,1,Fall
04-Oct-15,"2,015",10,4,12,15,9,0,0,0,Fall
03-Oct-15,"2,015",10,3,9,12,6,2,0,2,Fall
02-Oct-15,"2,015",10,2,9,12,5,0,0,0,Fall
01-Oct-15,"2,015",10,1,10,15,4,0,0,0,Fall
30-Sep-15,"2,015",9,30,12,17,7,0,0,0,Fall
29-Sep-15,"2,015",9,29,18,23,14,13,0,13,Fall
28-Sep-15,"2,015",9,28,20,22,18,0,0,0,Fall
27-Sep-15,"2,015",9,27,16,21,11,0,0,0,Fall
26-Sep-15,"2,015",9,26,15,20,10,0,0,0,Fall
25-Sep-15,"2,015",9,25,17,22,13,0,0,0,Fall
24-Sep-15,"2,015",9,24,19,23,15,0,0,0,Fall
23-Sep-15,"2,015",9,23,19,24,13,0,0,0,Fall
22-Sep-15,"2,015",9,22,16,22,10,0,0,0,Fall
21-Sep-15,"2,015",9,21,15,20,11,0,0,0,Fall
20-Sep-15,"2,015",9,20,14,19,10,0,0,0,Fall
19-Sep-15,"2,015",9,19,19,25,12,11,0,11,Fall
18-Sep-15,"2,015",9,18,22,27,16,0,0,0,Fall
17-Sep-15,"2,015",9,17,22,28,16,0,0,0,Fall
16-Sep-15,"2,015",9,16,22,28,16,0,0,0,Fall
15-Sep-15,"2,015",9,15,21,28,13,0,0,0,Fall
14-Sep-15,"2,015",9,14,17,24,9,0,0,0,Fall
13-Sep-15,"2,015",9,13,12,15,10,3,0,3,Fall
12-Sep-15,"2,015",9,12,14,16,12,15,0,15,Fall
11-Sep-15,"2,015",9,11,18,23,13,7,0,7,Fall
10-Sep-15,"2,015",9,10,18,24,13,0,0,0,Fall
09-Sep-15,"2,015",9,9,21,26,15,3,0,3,Fall
08-Sep-15,"2,015",9,8,26,29,22,9,0,9,Fall
07-Sep-15,"2,015",9,7,28,34,21,0,0,0,Fall
06-Sep-15,"2,015",9,6,26,32,19,0,0,0,Fall
05-Sep-15,"2,015",9,5,24,30,19,0,0,0,Fall
04-Sep-15,"2,015",9,4,25,28,21,0,0,0,Fall
03-Sep-15,"2,015",9,3,26,30,21,0,0,0,Fall
02-Sep-15,"2,015",9,2,27,33,20,0,0,0,Fall
01-Sep-15,"2,015",9,1,23,29,18,0,0,0,Fall
31-Dec-15,"2,015",12,31,0,1,0,0,0,0,Winter
30-Dec-15,"2,015",12,30,2,4,1,0,0,0,Winter
29-Dec-15,"2,015",12,29,2,4,0,14,0,14,Winter
28-Dec-15,"2,015",12,28,-3,0,-7,12,3,15,Winter
27-Dec-15,"2,015",12,27,1,4,-2,4,0,4,Winter
26-Dec-15,"2,015",12,26,1,4,-2,2,0,2,Winter
25-Dec-15,"2,015",12,25,5,10,0,0,0,0,Winter
24-Dec-15,"2,015",12,24,10,15,5,0,0,0,Winter
23-Dec-15,"2,015",12,23,9,13,5,0,0,0,Winter
22-Dec-15,"2,015",12,22,9,14,5,1,0,1,Winter
21-Dec-15,"2,015",12,21,6,8,5,4,0,4,Winter
20-Dec-15,"2,015",12,20,1,6,-4,0,0,0,Winter
19-Dec-15,"2,015",12,19,-2,-1,-4,0,0,0,Winter
18-Dec-15,"2,015",12,18,0,3,-3,0,0,0,Winter
17-Dec-15,"2,015",12,17,6,10,2,0,0,0,Winter
16-Dec-15,"2,015",12,16,4,6,1,0,0,0,Winter
15-Dec-15,"2,015",12,15,5,9,1,0,0,0,Winter
14-Dec-15,"2,015",12,14,9,13,6,5,0,5,Winter
13-Dec-15,"2,015",12,13,6,8,5,0,0,0,Winter
12-Dec-15,"2,015",12,12,5,9,1,0,0,0,Winter
11-Dec-15,"2,015",12,11,9,14,3,0,0,0,Winter
10-Dec-15,"2,015",12,10,8,12,4,0,0,0,Winter
09-Dec-15,"2,015",12,9,8,11,4,0,0,0,Winter
08-Dec-15,"2,015",12,8,4,5,3,0,0,0,Winter
07-Dec-15,"2,015",12,7,2,6,-2,0,0,0,Winter
06-Dec-15,"2,015",12,6,1,5,-3,0,0,0,Winter
05-Dec-15,"2,015",12,5,3,8,-2,0,0,0,Winter
04-Dec-15,"2,015",12,4,5,6,3,0,0,0,Winter
03-Dec-15,"2,015",12,3,4,6,2,0,0,0,Winter
02-Dec-15,"2,015",12,2,4,7,1,0,0,0,Winter
01-Dec-15,"2,015",12,1,5,8,1,2,0,2,Winter
31-Jan-14,"2,014",1,31,-2,0,-4,0,0,0,Winter
30-Jan-14,"2,014",1,30,-8,-2,-13,0,0,0,Winter
29-Jan-14,"2,014",1,29,-14,-10,-19,0,0,0,Winter
28-Jan-14,"2,014",1,28,-16,-13,-20,0,0,0,Winter
27-Jan-14,"2,014",1,27,-11,-5,-17,0,2,2,Winter
26-Jan-14,"2,014",1,26,-12,-5,-18,0,1,1,Winter
25-Jan-14,"2,014",1,25,-10,-3,-17,0,4,4,Winter
24-Jan-14,"2,014",1,24,-14,-9,-20,0,1,1,Winter
23-Jan-14,"2,014",1,23,-17,-14,-20,0,0,0,Winter
22-Jan-14,"2,014",1,22,-18,-13,-24,0,0,0,Winter
21-Jan-14,"2,014",1,21,-19,-17,-21,0,0,0,Winter
20-Jan-14,"2,014",1,20,-10,-3,-17,0,1,1,Winter
19-Jan-14,"2,014",1,19,-6,-3,-9,0,1,1,Winter
18-Jan-14,"2,014",1,18,-6,-3,-9,0,1,1,Winter
17-Jan-14,"2,014",1,17,-1,1,-3,0,3,2,Winter
16-Jan-14,"2,014",1,16,-3,-1,-5,0,2,2,Winter
15-Jan-14,"2,014",1,15,-3,1,-6,0,0,0,Winter
14-Jan-14,"2,014",1,14,2,4,-1,0,0,0,Winter
13-Jan-14,"2,014",1,13,4,8,1,1,0,1,Winter
12-Jan-14,"2,014",1,12,1,2,0,0,0,0,Winter
11-Jan-14,"2,014",1,11,4,7,2,8,0,8,Winter
10-Jan-14,"2,014",1,10,-3,3,-8,1,2,3,Winter
09-Jan-14,"2,014",1,9,-11,-6,-16,0,0,0,Winter
08-Jan-14,"2,014",1,8,-13,-9,-18,0,0,0,Winter
07-Jan-14,"2,014",1,7,-21,-17,-24,0,0,0,Winter
06-Jan-14,"2,014",1,6,-9,0,-18,4,1,5,Winter
05-Jan-14,"2,014",1,5,-1,0,-3,2,12,14,Winter
04-Jan-14,"2,014",1,4,-5,0,-9,0,0,0,Winter
03-Jan-14,"2,014",1,3,-17,-9,-24,0,0,0,Winter
02-Jan-14,"2,014",1,2,-18,-15,-20,0,1,1,Winter
01-Jan-14,"2,014",1,1,-13,-10,-15,0,0,0,Winter
28-Feb-14,"2,014",2,28,-14,-8,-20,0,0,0,Winter
27-Feb-14,"2,014",2,27,-13,-9,-17,0,0,0,Winter
26-Feb-14,"2,014",2,26,-13,-10,-16,0,0,0,Winter
25-Feb-14,"2,014",2,25,-9,-7,-12,0,0,0,Winter
24-Feb-14,"2,014",2,24,-8,-6,-11,0,0,0,Winter
23-Feb-14,"2,014",2,23,-4,-1,-6,0,0,0,Winter
22-Feb-14,"2,014",2,22,0,2,-2,0,0,0,Winter
21-Feb-14,"2,014",2,21,2,4,-1,6,0,6,Winter
20-Feb-14,"2,014",2,20,0,2,-3,11,3,15,Winter
19-Feb-14,"2,014",2,19,0,6,-6,0,0,0,Winter
18-Feb-14,"2,014",2,18,-3,-1,-5,0,4,4,Winter
17-Feb-14,"2,014",2,17,-10,-3,-17,0,1,1,Winter
16-Feb-14,"2,014",2,16,-12,-8,-15,0,0,0,Winter
15-Feb-14,"2,014",2,15,-9,-4,-14,0,0,0,Winter
14-Feb-14,"2,014",2,14,-4,-1,-7,0,0,0,Winter
13-Feb-14,"2,014",2,13,-9,-3,-15,0,0,0,Winter
12-Feb-14,"2,014",2,12,-14,-7,-21,0,0,0,Winter
11-Feb-14,"2,014",2,11,-14,-10,-17,0,0,0,Winter
10-Feb-14,"2,014",2,10,-10,-7,-13,0,0,0,Winter
09-Feb-14,"2,014",2,9,-12,-8,-16,0,3,2,Winter
08-Feb-14,"2,014",2,8,-14,-10,-18,0,0,0,Winter
07-Feb-14,"2,014",2,7,-13,-10,-16,0,0,0,Winter
06-Feb-14,"2,014",2,6,-12,-8,-17,0,0,0,Winter
05-Feb-14,"2,014",2,5,-11,-6,-15,0,15,11,Winter
04-Feb-14,"2,014",2,4,-10,-5,-16,0,1,1,Winter
03-Feb-14,"2,014",2,3,-9,-4,-14,0,0,0,Winter
02-Feb-14,"2,014",2,2,-4,0,-8,0,0,0,Winter
01-Feb-14,"2,014",2,1,-2,1,-4,0,11,12,Winter
31-Mar-14,"2,014",3,31,5,11,-1,0,0,0,Spring
30-Mar-14,"2,014",3,30,3,7,-2,0,0,0,Spring
29-Mar-14,"2,014",3,29,2,2,1,0,0,0,Spring
28-Mar-14,"2,014",3,28,6,10,2,4,0,4,Spring
27-Mar-14,"2,014",3,27,-3,3,-10,1,1,2,Spring
26-Mar-14,"2,014",3,26,-8,-4,-12,0,0,0,Spring
25-Mar-14,"2,014",3,25,-5,1,-10,0,0,0,Spring
24-Mar-14,"2,014",3,24,-8,-3,-12,0,0,0,Spring
23-Mar-14,"2,014",3,23,-8,-5,-11,0,0,0,Spring
22-Mar-14,"2,014",3,22,-2,4,-8,0,1,1,Spring
21-Mar-14,"2,014",3,21,0,4,-5,0,0,0,Spring
20-Mar-14,"2,014",3,20,0,3,-3,0,0,0,Spring
19-Mar-14,"2,014",3,19,3,6,-1,3,0,3,Spring
18-Mar-14,"2,014",3,18,-3,2,-9,0,0,0,Spring
17-Mar-14,"2,014",3,17,-10,-4,-16,0,0,0,Spring
16-Mar-14,"2,014",3,16,-12,-8,-15,0,0,0,Spring
15-Mar-14,"2,014",3,15,-2,5,-9,0,0,0,Spring
14-Mar-14,"2,014",3,14,1,10,-7,0,0,0,Spring
13-Mar-14,"2,014",3,13,-12,-7,-17,0,0,0,Spring
12-Mar-14,"2,014",3,12,-6,2,-15,0,9,8,Spring
11-Mar-14,"2,014",3,11,6,10,2,0,0,0,Spring
10-Mar-14,"2,014",3,10,3,7,0,0,0,0,Spring
09-Mar-14,"2,014",3,9,-5,0,-11,0,0,0,Spring
08-Mar-14,"2,014",3,8,-3,2,-8,0,0,0,Spring
07-Mar-14,"2,014",3,7,-6,2,-14,0,0,0,Spring
06-Mar-14,"2,014",3,6,-8,-5,-11,0,11,2,Spring
05-Mar-14,"2,014",3,5,-10,-6,-15,0,0,0,Spring
04-Mar-14,"2,014",3,4,-13,-9,-18,0,2,1,Spring
03-Mar-14,"2,014",3,3,-16,-12,-20,0,0,0,Spring
02-Mar-14,"2,014",3,2,-14,-10,-18,0,2,2,Spring
01-Mar-14,"2,014",3,1,-7,-3,-11,0,4,4,Spring
30-Apr-14,"2,014",4,30,6,7,6,6,0,6,Spring
29-Apr-14,"2,014",4,29,7,9,6,28,0,28,Spring
28-Apr-14,"2,014",4,28,8,13,3,0,0,0,Spring
27-Apr-14,"2,014",4,27,7,13,2,0,0,0,Spring
26-Apr-14,"2,014",4,26,7,11,3,0,0,0,Spring
25-Apr-14,"2,014",4,25,7,10,4,5,0,5,Spring
24-Apr-14,"2,014",4,24,6,13,-1,0,0,0,Spring
23-Apr-14,"2,014",4,23,5,9,1,0,0,0,Spring
22-Apr-14,"2,014",4,22,9,14,4,3,0,3,Spring
21-Apr-14,"2,014",4,21,13,19,6,0,0,0,Spring
20-Apr-14,"2,014",4,20,8,13,2,0,0,0,Spring
19-Apr-14,"2,014",4,19,6,11,0,0,0,0,Spring
18-Apr-14,"2,014",4,18,6,11,1,0,0,0,Spring
17-Apr-14,"2,014",4,17,4,8,-1,0,0,0,Spring
16-Apr-14,"2,014",4,16,-2,4,-7,0,0,0,Spring
15-Apr-14,"2,014",4,15,-2,2,-5,5,3,8,Spring
14-Apr-14,"2,014",4,14,12,22,1,4,0,4,Spring
13-Apr-14,"2,014",4,13,14,23,5,6,0,6,Spring
12-Apr-14,"2,014",4,12,9,15,4,5,0,5,Spring
11-Apr-14,"2,014",4,11,8,14,2,0,0,0,Spring
10-Apr-14,"2,014",4,10,11,20,3,0,0,0,Spring
09-Apr-14,"2,014",4,9,6,10,1,0,0,0,Spring
08-Apr-14,"2,014",4,8,7,12,1,4,0,4,Spring
07-Apr-14,"2,014",4,7,5,10,0,13,0,13,Spring
06-Apr-14,"2,014",4,6,4,11,-4,0,0,0,Spring
05-Apr-14,"2,014",4,5,1,4,-2,0,0,0,Spring
04-Apr-14,"2,014",4,4,4,7,1,9,0,9,Spring
03-Apr-14,"2,014",4,3,1,4,-3,0,0,0,Spring
02-Apr-14,"2,014",4,2,3,7,-1,0,0,0,Spring
01-Apr-14,"2,014",4,1,5,8,1,0,0,0,Spring
31-May-14,"2,014",5,31,17,22,11,0,0,0,Spring
30-May-14,"2,014",5,30,18,25,11,0,0,0,Spring
29-May-14,"2,014",5,29,16,19,13,0,0,0,Spring
28-May-14,"2,014",5,28,15,17,12,0,0,0,Spring
27-May-14,"2,014",5,27,23,30,17,10,0,10,Spring
26-May-14,"2,014",5,26,23,29,17,0,0,0,Spring
25-May-14,"2,014",5,25,19,28,11,0,0,0,Spring
24-May-14,"2,014",5,24,18,25,10,0,0,0,Spring
23-May-14,"2,014",5,23,14,18,9,0,0,0,Spring
22-May-14,"2,014",5,22,16,21,11,0,0,0,Spring
21-May-14,"2,014",5,21,16,20,11,0,0,0,Spring
20-May-14,"2,014",5,20,14,18,10,1,0,1,Spring
19-May-14,"2,014",5,19,15,22,8,0,0,0,Spring
18-May-14,"2,014",5,18,10,15,4,1,0,1,Spring
17-May-14,"2,014",5,17,8,14,2,0,0,0,Spring
16-May-14,"2,014",5,16,9,13,4,4,0,4,Spring
15-May-14,"2,014",5,15,15,20,10,13,0,13,Spring
14-May-14,"2,014",5,14,15,19,10,12,0,12,Spring
13-May-14,"2,014",5,13,17,21,12,5,0,5,Spring
12-May-14,"2,014",5,12,17,21,13,0,0,0,Spring
11-May-14,"2,014",5,11,15,24,6,0,0,0,Spring
10-May-14,"2,014",5,10,14,20,7,0,0,0,Spring
09-May-14,"2,014",5,9,16,20,11,1,0,1,Spring
08-May-14,"2,014",5,8,14,19,10,0,0,0,Spring
07-May-14,"2,014",5,7,9,14,4,0,0,0,Spring
06-May-14,"2,014",5,6,10,16,5,0,0,0,Spring
05-May-14,"2,014",5,5,9,15,2,0,0,0,Spring
04-May-14,"2,014",5,4,9,14,5,0,0,0,Spring
03-May-14,"2,014",5,3,10,14,6,5,0,5,Spring
02-May-14,"2,014",5,2,10,13,7,1,0,1,Spring
01-May-14,"2,014",5,1,11,15,6,3,0,3,Spring
30-Jun-14,"2,014",6,30,26,31,22,0,0,0,Summer
29-Jun-14,"2,014",6,29,25,30,20,0,0,0,Summer
28-Jun-14,"2,014",6,28,24,29,19,0,0,0,Summer
27-Jun-14,"2,014",6,27,22,28,16,0,0,0,Summer
26-Jun-14,"2,014",6,26,22,27,18,0,0,0,Summer
25-Jun-14,"2,014",6,25,21,23,18,22,0,22,Summer
24-Jun-14,"2,014",6,24,23,29,17,13,0,13,Summer
23-Jun-14,"2,014",6,23,20,25,15,1,0,1,Summer
22-Jun-14,"2,014",6,22,20,26,14,0,0,0,Summer
21-Jun-14,"2,014",6,21,19,23,16,0,0,0,Summer
20-Jun-14,"2,014",6,20,17,21,12,0,0,0,Summer
19-Jun-14,"2,014",6,19,19,25,14,0,0,0,Summer
18-Jun-14,"2,014",6,18,21,26,17,0,0,0,Summer
17-Jun-14,"2,014",6,17,24,31,17,23,0,23,Summer
16-Jun-14,"2,014",6,16,19,24,13,1,0,1,Summer
15-Jun-14,"2,014",6,15,15,21,10,0,0,0,Summer
14-Jun-14,"2,014",6,14,15,20,11,0,0,0,Summer
13-Jun-14,"2,014",6,13,18,24,12,0,0,0,Summer
12-Jun-14,"2,014",6,12,22,27,17,0,0,0,Summer
11-Jun-14,"2,014",6,11,20,24,16,24,0,24,Summer
10-Jun-14,"2,014",6,10,19,24,15,0,0,0,Summer
09-Jun-14,"2,014",6,9,20,26,13,0,0,0,Summer
08-Jun-14,"2,014",6,8,17,20,13,4,0,4,Summer
07-Jun-14,"2,014",6,7,18,25,11,0,0,0,Summer
06-Jun-14,"2,014",6,6,17,25,9,0,0,0,Summer
05-Jun-14,"2,014",6,5,15,18,11,0,0,0,Summer
04-Jun-14,"2,014",6,4,17,22,12,0,0,0,Summer
03-Jun-14,"2,014",6,3,20,28,13,6,0,6,Summer
02-Jun-14,"2,014",6,2,22,30,13,3,0,3,Summer
01-Jun-14,"2,014",6,1,17,22,11,0,0,0,Summer
31-Jul-14,"2,014",7,31,19,25,13,0,0,0,Summer
30-Jul-14,"2,014",7,30,19,24,14,5,0,5,Summer
29-Jul-14,"2,014",7,29,17,21,13,1,0,1,Summer
28-Jul-14,"2,014",7,28,17,21,14,19,0,19,Summer
27-Jul-14,"2,014",7,27,24,30,18,16,0,16,Summer
26-Jul-14,"2,014",7,26,22,27,16,0,0,0,Summer
25-Jul-14,"2,014",7,25,19,26,13,0,0,0,Summer
24-Jul-14,"2,014",7,24,19,24,13,0,0,0,Summer
23-Jul-14,"2,014",7,23,20,25,15,0,0,0,Summer
22-Jul-14,"2,014",7,22,24,30,18,1,0,1,Summer
21-Jul-14,"2,014",7,21,22,28,16,0,0,0,Summer
20-Jul-14,"2,014",7,20,20,23,17,2,0,2,Summer
19-Jul-14,"2,014",7,19,19,22,16,7,0,7,Summer
18-Jul-14,"2,014",7,18,18,25,12,0,0,0,Summer
17-Jul-14,"2,014",7,17,18,24,11,0,0,0,Summer
16-Jul-14,"2,014",7,16,17,22,12,0,0,0,Summer
15-Jul-14,"2,014",7,15,20,25,14,4,0,4,Summer
14-Jul-14,"2,014",7,14,20,23,17,0,0,0,Summer
13-Jul-14,"2,014",7,13,24,29,19,7,0,7,Summer
12-Jul-14,"2,014",7,12,22,28,16,0,0,0,Summer
11-Jul-14,"2,014",7,11,19,25,13,0,0,0,Summer
10-Jul-14,"2,014",7,10,17,21,12,0,0,0,Summer
09-Jul-14,"2,014",7,9,19,23,14,0,0,0,Summer
08-Jul-14,"2,014",7,8,20,25,15,5,0,5,Summer
07-Jul-14,"2,014",7,7,25,29,20,11,0,11,Summer
06-Jul-14,"2,014",7,6,22,28,16,0,0,0,Summer
05-Jul-14,"2,014",7,5,20,27,12,0,0,0,Summer
04-Jul-14,"2,014",7,4,18,24,12,0,0,0,Summer
03-Jul-14,"2,014",7,3,18,23,13,0,0,0,Summer
02-Jul-14,"2,014",7,2,24,30,18,1,0,1,Summer
01-Jul-14,"2,014",7,1,26,29,22,7,0,7,Summer
31-Aug-14,"2,014",8,31,25,30,19,0,0,0,Summer
30-Aug-14,"2,014",8,30,24,30,18,3,0,3,Summer
29-Aug-14,"2,014",8,29,17,23,12,0,0,0,Summer
28-Aug-14,"2,014",8,28,17,23,12,0,0,0,Summer
27-Aug-14,"2,014",8,27,19,26,12,0,0,0,Summer
26-Aug-14,"2,014",8,26,26,32,19,0,0,0,Summer
25-Aug-14,"2,014",8,25,22,28,16,0,0,0,Summer
24-Aug-14,"2,014",8,24,22,25,18,0,0,0,Summer
23-Aug-14,"2,014",8,23,21,23,18,0,0,0,Summer
22-Aug-14,"2,014",8,22,21,25,17,0,0,0,Summer
21-Aug-14,"2,014",8,21,23,27,18,0,0,0,Summer
20-Aug-14,"2,014",8,20,21,25,17,7,0,7,Summer
19-Aug-14,"2,014",8,19,18,23,12,0,0,0,Summer
18-Aug-14,"2,014",8,18,16,21,12,0,0,0,Summer
17-Aug-14,"2,014",8,17,19,24,14,0,0,0,Summer
16-Aug-14,"2,014",8,16,17,20,13,0,0,0,Summer
15-Aug-14,"2,014",8,15,18,23,12,0,0,0,Summer
14-Aug-14,"2,014",8,14,15,18,12,0,0,0,Summer
13-Aug-14,"2,014",8,13,18,22,13,0,0,0,Summer
12-Aug-14,"2,014",8,12,22,26,18,9,0,9,Summer
11-Aug-14,"2,014",8,11,23,28,18,14,0,14,Summer
10-Aug-14,"2,014",8,10,21,27,14,0,0,0,Summer
09-Aug-14,"2,014",8,9,20,26,14,0,0,0,Summer
08-Aug-14,"2,014",8,8,20,25,14,0,0,0,Summer
07-Aug-14,"2,014",8,7,20,25,16,0,0,0,Summer
06-Aug-14,"2,014",8,6,21,25,16,0,0,0,Summer
05-Aug-14,"2,014",8,5,21,25,17,0,0,0,Summer
04-Aug-14,"2,014",8,4,23,29,17,3,0,3,Summer
03-Aug-14,"2,014",8,3,23,27,18,0,0,0,Summer
02-Aug-14,"2,014",8,2,21,26,16,0,0,0,Summer
01-Aug-14,"2,014",8,1,22,27,17,1,0,1,Summer
30-Nov-14,"2,014",11,30,9,14,3,0,0,0,Fall
29-Nov-14,"2,014",11,29,2,9,-5,0,0,0,Fall
28-Nov-14,"2,014",11,28,-5,-2,-8,0,0,0,Fall
27-Nov-14,"2,014",11,27,-1,3,-5,0,0,0,Fall
26-Nov-14,"2,014",11,26,1,2,0,0,0,0,Fall
25-Nov-14,"2,014",11,25,2,4,0,0,0,0,Fall
24-Nov-14,"2,014",11,24,11,18,4,18,0,18,Fall
23-Nov-14,"2,014",11,23,7,9,5,2,0,2,Fall
22-Nov-14,"2,014",11,22,1,7,-5,1,0,1,Fall
21-Nov-14,"2,014",11,21,-5,-2,-9,0,0,0,Fall
20-Nov-14,"2,014",11,20,-5,-3,-8,0,0,0,Fall
19-Nov-14,"2,014",11,19,-6,-1,-10,0,4,4,Fall
18-Nov-14,"2,014",11,18,-7,-5,-9,0,0,0,Fall
17-Nov-14,"2,014",11,17,-3,1,-7,0,6,6,Fall
16-Nov-14,"2,014",11,16,-1,0,-2,0,2,2,Fall
15-Nov-14,"2,014",11,15,-1,3,-6,0,0,0,Fall
14-Nov-14,"2,014",11,14,-1,3,-5,0,0,0,Fall
13-Nov-14,"2,014",11,13,-1,1,-4,0,0,0,Fall
12-Nov-14,"2,014",11,12,4,8,0,0,0,0,Fall
11-Nov-14,"2,014",11,11,9,17,0,1,0,1,Fall
10-Nov-14,"2,014",11,10,6,9,3,0,0,0,Fall
09-Nov-14,"2,014",11,9,4,7,1,0,0,0,Fall
08-Nov-14,"2,014",11,8,3,6,-1,1,0,1,Fall
07-Nov-14,"2,014",11,7,1,4,-2,0,0,0,Fall
06-Nov-14,"2,014",11,6,7,10,4,2,0,2,Fall
05-Nov-14,"2,014",11,5,7,10,5,0,0,0,Fall
04-Nov-14,"2,014",11,4,11,14,8,4,0,4,Fall
03-Nov-14,"2,014",11,3,8,15,0,0,0,0,Fall
02-Nov-14,"2,014",11,2,3,8,-2,0,0,0,Fall
01-Nov-14,"2,014",11,1,1,3,-1,0,2,2,Fall
31-Oct-14,"2,014",10,31,4,7,1,11,1,12,Fall
30-Oct-14,"2,014",10,30,6,10,3,0,0,0,Fall
29-Oct-14,"2,014",10,29,9,13,4,0,0,0,Fall
28-Oct-14,"2,014",10,28,15,21,9,2,0,2,Fall
27-Oct-14,"2,014",10,27,7,12,1,1,0,1,Fall
26-Oct-14,"2,014",10,26,8,13,3,0,0,0,Fall
25-Oct-14,"2,014",10,25,12,17,7,0,0,0,Fall
24-Oct-14,"2,014",10,24,10,16,3,0,0,0,Fall
23-Oct-14,"2,014",10,23,11,16,6,0,0,0,Fall
22-Oct-14,"2,014",10,22,8,13,3,0,0,0,Fall
21-Oct-14,"2,014",10,21,9,11,6,2,0,2,Fall
20-Oct-14,"2,014",10,20,9,12,6,6,0,6,Fall
19-Oct-14,"2,014",10,19,6,10,3,0,0,0,Fall
18-Oct-14,"2,014",10,18,8,13,3,0,0,0,Fall
17-Oct-14,"2,014",10,17,14,17,12,0,0,0,Fall
16-Oct-14,"2,014",10,16,16,20,12,5,0,5,Fall
15-Oct-14,"2,014",10,15,16,19,13,2,0,2,Fall
14-Oct-14,"2,014",10,14,19,22,15,1,0,1,Fall
13-Oct-14,"2,014",10,13,10,16,4,0,0,0,Fall
12-Oct-14,"2,014",10,12,7,13,2,0,0,0,Fall
11-Oct-14,"2,014",10,11,9,14,3,0,0,0,Fall
10-Oct-14,"2,014",10,10,9,14,3,0,0,0,Fall
09-Oct-14,"2,014",10,9,9,15,3,0,0,0,Fall
08-Oct-14,"2,014",10,8,10,14,5,0,0,0,Fall
07-Oct-14,"2,014",10,7,14,18,11,8,0,8,Fall
06-Oct-14,"2,014",10,6,13,17,9,3,0,3,Fall
05-Oct-14,"2,014",10,5,9,14,3,0,0,0,Fall
04-Oct-14,"2,014",10,4,9,14,4,1,0,1,Fall
03-Oct-14,"2,014",10,3,19,23,14,11,0,11,Fall
02-Oct-14,"2,014",10,2,17,20,14,0,0,0,Fall
01-Oct-14,"2,014",10,1,15,16,15,0,0,0,Fall
30-Sep-14,"2,014",9,30,17,19,15,0,0,0,Fall
29-Sep-14,"2,014",9,29,19,24,13,0,0,0,Fall
28-Sep-14,"2,014",9,28,19,25,12,0,0,0,Fall
27-Sep-14,"2,014",9,27,19,25,12,0,0,0,Fall
26-Sep-14,"2,014",9,26,17,23,11,0,0,0,Fall
25-Sep-14,"2,014",9,25,16,21,11,0,0,0,Fall
24-Sep-14,"2,014",9,24,16,22,10,0,0,0,Fall
23-Sep-14,"2,014",9,23,15,23,7,0,0,0,Fall
22-Sep-14,"2,014",9,22,11,15,7,0,0,0,Fall
21-Sep-14,"2,014",9,21,17,24,10,16,0,16,Fall
20-Sep-14,"2,014",9,20,17,25,9,0,0,0,Fall
19-Sep-14,"2,014",9,19,9,14,5,0,0,0,Fall
18-Sep-14,"2,014",9,18,10,14,5,0,0,0,Fall
17-Sep-14,"2,014",9,17,14,21,8,0,0,0,Fall
16-Sep-14,"2,014",9,16,14,19,9,0,0,0,Fall
15-Sep-14,"2,014",9,15,14,19,9,4,0,4,Fall
14-Sep-14,"2,014",9,14,11,16,6,0,0,0,Fall
13-Sep-14,"2,014",9,13,11,14,7,2,0,2,Fall
12-Sep-14,"2,014",9,12,12,14,9,0,0,0,Fall
11-Sep-14,"2,014",9,11,17,23,11,8,0,8,Fall
10-Sep-14,"2,014",9,10,20,23,18,27,0,27,Fall
09-Sep-14,"2,014",9,9,20,22,18,0,0,0,Fall
08-Sep-14,"2,014",9,8,17,23,11,0,0,0,Fall
07-Sep-14,"2,014",9,7,17,22,12,0,0,0,Fall
06-Sep-14,"2,014",9,6,18,23,13,5,0,5,Fall
05-Sep-14,"2,014",9,5,26,32,20,24,0,24,Fall
04-Sep-14,"2,014",9,4,23,30,17,0,0,0,Fall
03-Sep-14,"2,014",9,3,21,28,14,0,0,0,Fall
02-Sep-14,"2,014",9,2,20,25,16,14,0,14,Fall
01-Sep-14,"2,014",9,1,24,29,18,3,0,3,Fall
31-Dec-14,"2,014",12,31,-8,-6,-9,0,0,0,Winter
30-Dec-14,"2,014",12,30,-5,-3,-7,0,0,0,Winter
29-Dec-14,"2,014",12,29,-3,0,-6,0,0,0,Winter
28-Dec-14,"2,014",12,28,2,5,-2,0,0,0,Winter
27-Dec-14,"2,014",12,27,6,10,3,0,0,0,Winter
26-Dec-14,"2,014",12,26,4,8,0,0,0,0,Winter
25-Dec-14,"2,014",12,25,4,6,3,0,0,0,Winter
24-Dec-14,"2,014",12,24,8,10,6,9,0,9,Winter
23-Dec-14,"2,014",12,23,3,6,0,0,0,0,Winter
22-Dec-14,"2,014",12,22,1,2,0,0,0,0,Winter
21-Dec-14,"2,014",12,21,-1,2,-3,0,0,0,Winter
20-Dec-14,"2,014",12,20,-3,0,-6,0,0,0,Winter
19-Dec-14,"2,014",12,19,-3,0,-5,0,0,0,Winter
18-Dec-14,"2,014",12,18,-2,0,-4,0,0,0,Winter
17-Dec-14,"2,014",12,17,2,5,-1,2,2,3,Winter
16-Dec-14,"2,014",12,16,3,4,2,3,0,3,Winter
15-Dec-14,"2,014",12,15,3,4,2,0,0,0,Winter
14-Dec-14,"2,014",12,14,3,4,1,0,0,0,Winter
13-Dec-14,"2,014",12,13,1,2,1,0,0,0,Winter
12-Dec-14,"2,014",12,12,0,3,-4,0,0,0,Winter
11-Dec-14,"2,014",12,11,-4,-3,-6,0,17,16,Winter
10-Dec-14,"2,014",12,10,-2,0,-4,0,0,0,Winter
09-Dec-14,"2,014",12,9,2,4,0,1,0,1,Winter
08-Dec-14,"2,014",12,8,1,3,-2,0,0,0,Winter
07-Dec-14,"2,014",12,7,-4,-1,-7,0,0,0,Winter
06-Dec-14,"2,014",12,6,2,6,-3,0,0,0,Winter
05-Dec-14,"2,014",12,5,0,3,-4,0,0,0,Winter
04-Dec-14,"2,014",12,4,-3,1,-6,0,0,0,Winter
03-Dec-14,"2,014",12,3,0,3,-2,0,0,0,Winter
02-Dec-14,"2,014",12,2,-4,1,-10,0,1,1,Winter
01-Dec-14,"2,014",12,1,-2,3,-7,0,0,0,Winter
01-Jan-13,"2,013",1,1,-2.1,1.8,-6.1,54.2,14.4,66.4,Winter
01-Feb-13,"2,013",2,1,-4.6,-1,-8.1,23.9,65.3,92,Winter
01-Mar-13,"2,013",3,1,0.1,3.9,-3.7,13.8,8.2,21.6,Spring
01-Apr-13,"2,013",4,1,6,11,1,102.6,2.2,110.4,Spring
01-May-13,"2,013",5,1,15.2,21,9.4,75.6,0.4,76.2,Spring
30-Jun-13,"2,013",6,30,21,26,16,0,0,0,Summer
29-Jun-13,"2,013",6,29,20,24,17,0,0,0,Summer
28-Jun-13,"2,013",6,28,20,23,17,16,0,16,Summer
27-Jun-13,"2,013",6,27,22,25,19,0,0,0,Summer
26-Jun-13,"2,013",6,26,26,31,20,0,0,0,Summer
25-Jun-13,"2,013",6,25,25,29,21,4,0,4,Summer
24-Jun-13,"2,013",6,24,27,32,22,0,0,0,Summer
23-Jun-13,"2,013",6,23,25,32,19,0,0,0,Summer
22-Jun-13,"2,013",6,22,22,27,17,8,0,8,Summer
21-Jun-13,"2,013",6,21,20,26,15,0,0,0,Summer
20-Jun-13,"2,013",6,20,17,23,11,0,0,0,Summer
19-Jun-13,"2,013",6,19,15,19,10,0,0,0,Summer
18-Jun-13,"2,013",6,18,17,21,12,0,0,0,Summer
17-Jun-13,"2,013",6,17,20,25,15,0,0,0,Summer
16-Jun-13,"2,013",6,16,21,26,16,10,0,10,Summer
15-Jun-13,"2,013",6,15,18,26,10,0,0,0,Summer
14-Jun-13,"2,013",6,14,18,23,13,0,0,0,Summer
13-Jun-13,"2,013",6,13,19,23,14,11,0,11,Summer
01-Jun-13,"2,013",6,1,16.5,20.6,12.4,62.4,0,62.4,Summer
31-Jul-13,"2,013",7,31,20,25,15,13,0,13,Summer
30-Jul-13,"2,013",7,30,19,25,13,0,0,0,Summer
29-Jul-13,"2,013",7,29,17,22,13,0,0,0,Summer
28-Jul-13,"2,013",7,28,18,23,14,0,0,0,Summer
27-Jul-13,"2,013",7,27,,,,,,,Summer
26-Jul-13,"2,013",7,26,19,24,14,0,0,0,Summer
25-Jul-13,"2,013",7,25,18,23,13,0,0,0,Summer
24-Jul-13,"2,013",7,24,17,22,13,0,0,0,Summer
23-Jul-13,"2,013",7,23,22,29,16,0,0,0,Summer
22-Jul-13,"2,013",7,22,20,24,16,0,0,0,Summer
21-Jul-13,"2,013",7,21,19,23,16,0,0,0,Summer
20-Jul-13,"2,013",7,20,24,29,19,2,0,2,Summer
19-Jul-13,"2,013",7,19,28,35,21,9,0,9,Summer
18-Jul-13,"2,013",7,18,29,34,24,0,0,0,Summer
17-Jul-13,"2,013",7,17,30,35,24,0,0,0,Summer
16-Jul-13,"2,013",7,16,27,33,22,0,0,0,Summer
15-Jul-13,"2,013",7,15,27,31,22,0,0,0,Summer
14-Jul-13,"2,013",7,14,25,30,19,0,0,0,Summer
13-Jul-13,"2,013",7,13,22,27,16,0,0,0,Summer
12-Jul-13,"2,013",7,12,20,25,15,0,0,0,Summer
11-Jul-13,"2,013",7,11,21,25,16,0,0,0,Summer
10-Jul-13,"2,013",7,10,,,,,,,Summer
09-Jul-13,"2,013",7,9,23,25,20,1,0,1,Summer
08-Jul-13,"2,013",7,8,24,29,20,126,0,126,Summer
07-Jul-13,"2,013",7,7,24,28,21,27,0,27,Summer
06-Jul-13,"2,013",7,6,24,29,19,0,0,0,Summer
05-Jul-13,"2,013",7,5,,,,,,,Summer
04-Jul-13,"2,013",7,4,24,28,21,3,0,3,Summer
03-Jul-13,"2,013",7,3,22,27,18,1,0,1,Summer
02-Jul-13,"2,013",7,2,20,23,17,0,0,0,Summer
01-Jul-13,"2,013",7,1,20,24,16,0,0,0,Summer
31-Aug-13,"2,013",8,31,23,26,21,0,0,0,Summer
30-Aug-13,"2,013",8,30,25,29,20,2,0,2,Summer
29-Aug-13,"2,013",8,29,24,29,20,0,0,0,Summer
28-Aug-13,"2,013",8,28,25,28,21,0,0,0,Summer
27-Aug-13,"2,013",8,27,23,28,19,14,0,14,Summer
26-Aug-13,"2,013",8,26,23,25,21,17,0,17,Summer
25-Aug-13,"2,013",8,25,21,29,14,2,0,2,Summer
24-Aug-13,"2,013",8,24,19,24,14,0,0,0,Summer
23-Aug-13,"2,013",8,23,20,25,15,0,0,0,Summer
22-Aug-13,"2,013",8,22,24,29,19,0,0,0,Summer
21-Aug-13,"2,013",8,21,25,32,19,0,0,0,Summer
20-Aug-13,"2,013",8,20,23,30,17,0,0,0,Summer
19-Aug-13,"2,013",8,19,22,29,15,0,0,0,Summer
18-Aug-13,"2,013",8,18,21,27,15,0,0,0,Summer
17-Aug-13,"2,013",8,17,20,26,14,0,0,0,Summer
16-Aug-13,"2,013",8,16,19,25,13,0,0,0,Summer
15-Aug-13,"2,013",8,15,18,24,11,0,0,0,Summer
14-Aug-13,"2,013",8,14,17,22,12,0,0,0,Summer
13-Aug-13,"2,013",8,13,16,20,12,0,0,0,Summer
12-Aug-13,"2,013",8,12,19,23,14,0,0,0,Summer
11-Aug-13,"2,013",8,11,18,24,12,0,0,0,Summer
10-Aug-13,"2,013",8,10,19,23,14,0,0,0,Summer
09-Aug-13,"2,013",8,9,22,27,18,0,0,0,Summer
08-Aug-13,"2,013",8,8,23,27,19,0,0,0,Summer
07-Aug-13,"2,013",8,7,23,28,19,3,0,3,Summer
06-Aug-13,"2,013",8,6,20,24,16,0,0,0,Summer
05-Aug-13,"2,013",8,5,17,24,11,0,0,0,Summer
04-Aug-13,"2,013",8,4,18,23,12,0,0,0,Summer
03-Aug-13,"2,013",8,3,20,25,15,0,0,0,Summer
02-Aug-13,"2,013",8,2,20,26,14,3,0,3,Summer
01-Aug-13,"2,013",8,1,21,26,16,27,0,27,Summer
30-Nov-13,"2,013",11,30,-1,2,-4,0,0,0,Fall
29-Nov-13,"2,013",11,29,-6,-2,-11,0,0,0,Fall
28-Nov-13,"2,013",11,28,-7,-3,-10,0,0,0,Fall
27-Nov-13,"2,013",11,27,-4,1,-8,0,2,1,Fall
26-Nov-13,"2,013",11,26,0,2,-1,0,2,3,Fall
25-Nov-13,"2,013",11,25,-3,2,-8,0,0,0,Fall
24-Nov-13,"2,013",11,24,-9,-5,-13,0,0,0,Fall
23-Nov-13,"2,013",11,23,-6,0,-12,0,1,1,Fall
22-Nov-13,"2,013",11,22,4,9,-1,5,0,5,Fall
21-Nov-13,"2,013",11,21,4,7,1,2,0,2,Fall
20-Nov-13,"2,013",11,20,-1,4,-6,0,0,0,Fall
19-Nov-13,"2,013",11,19,0,3,-3,0,0,0,Fall
18-Nov-13,"2,013",11,18,6,11,1,1,0,1,Fall
17-Nov-13,"2,013",11,17,12,15,9,12,0,12,Fall
16-Nov-13,"2,013",11,16,8,12,4,0,0,0,Fall
15-Nov-13,"2,013",11,15,9,13,4,0,0,0,Fall
14-Nov-13,"2,013",11,14,5,11,0,0,0,0,Fall
13-Nov-13,"2,013",11,13,-2,4,-7,0,0,0,Fall
12-Nov-13,"2,013",11,12,-3,1,-6,0,0,0,Fall
11-Nov-13,"2,013",11,11,1,6,-3,1,0,1,Fall
10-Nov-13,"2,013",11,10,4,8,1,1,0,1,Fall
09-Nov-13,"2,013",11,9,5,10,0,0,0,0,Fall
08-Nov-13,"2,013",11,8,3,5,1,0,0,0,Fall
07-Nov-13,"2,013",11,7,5,8,2,0,0,0,Fall
06-Nov-13,"2,013",11,6,12,16,8,5,0,5,Fall
05-Nov-13,"2,013",11,5,7,12,2,0,0,0,Fall
04-Nov-13,"2,013",11,4,0,5,-5,0,0,0,Fall
03-Nov-13,"2,013",11,3,1,4,-3,0,0,0,Fall
02-Nov-13,"2,013",11,2,4,8,0,2,0,2,Fall
01-Nov-13,"2,013",11,1,12,16,7,2,0,2,Fall
31-Oct-13,"2,013",10,31,11,18,4,,,,Fall
30-Oct-13,"2,013",10,30,7,11,4,0,0,0,Fall
29-Oct-13,"2,013",10,29,2,7,-3,0,0,0,Fall
28-Oct-13,"2,013",10,28,3,7,-2,0,0,0,Fall
27-Oct-13,"2,013",10,27,5,9,2,0,0,0,Fall
26-Oct-13,"2,013",10,26,5,7,2,10,0,10,Fall
25-Oct-13,"2,013",10,25,6,10,2,1,0,1,Fall
24-Oct-13,"2,013",10,24,5,9,0,0,0,0,Fall
23-Oct-13,"2,013",10,23,5,9,1,0,0,0,Fall
22-Oct-13,"2,013",10,22,6,8,3,0,0,0,Fall
21-Oct-13,"2,013",10,21,12,16,7,8,0,8,Fall
20-Oct-13,"2,013",10,20,8,14,3,0,0,0,Fall
19-Oct-13,"2,013",10,19,,,,,,,Fall
18-Oct-13,"2,013",10,18,12,15,8,0,0,0,Fall
17-Oct-13,"2,013",10,17,13,16,10,8,0,8,Fall
16-Oct-13,"2,013",10,16,16,21,10,14,0,14,Fall
15-Oct-13,"2,013",10,15,12,17,6,0,0,0,Fall
14-Oct-13,"2,013",10,14,12,18,7,0,0,0,Fall
13-Oct-13,"2,013",10,13,,,,,,,Fall
12-Oct-13,"2,013",10,12,13,21,6,0,0,0,Fall
11-Oct-13,"2,013",10,11,13,20,6,0,0,0,Fall
10-Oct-13,"2,013",10,10,14,20,7,0,0,0,Fall
09-Oct-13,"2,013",10,9,12,18,7,0,0,0,Fall
08-Oct-13,"2,013",10,8,12,17,6,0,0,0,Fall
07-Oct-13,"2,013",10,7,13,19,7,9,0,9,Fall
06-Oct-13,"2,013",10,6,17,19,14,2,0,2,Fall
05-Oct-13,"2,013",10,5,15,17,13,2,0,2,Fall
04-Oct-13,"2,013",10,4,16,17,15,,0,,Fall
03-Oct-13,"2,013",10,3,15,21,8,1,0,1,Fall
02-Oct-13,"2,013",10,2,18,25,12,0,0,0,Fall
01-Oct-13,"2,013",10,1,18,25,11,0,0,0,Fall
30-Sep-13,"2,013",9,30,17,20,13,4,0,4,Fall
29-Sep-13,"2,013",9,29,17,21,13,1,0,1,Fall
28-Sep-13,"2,013",9,28,15,20,10,0,0,0,Fall
27-Sep-13,"2,013",9,27,15,20,11,0,0,0,Fall
26-Sep-13,"2,013",9,26,15,21,10,0,0,0,Fall
25-Sep-13,"2,013",9,25,15,22,8,0,0,0,Fall
24-Sep-13,"2,013",9,24,12,19,6,0,0,0,Fall
23-Sep-13,"2,013",9,23,12,16,7,0,0,0,Fall
22-Sep-13,"2,013",9,22,11,13,9,0,0,0,Fall
21-Sep-13,"2,013",9,21,15,20,10,26,0,26,Fall
20-Sep-13,"2,013",9,20,20,24,16,11,0,11,Fall
19-Sep-13,"2,013",9,19,16,22,9,0,0,0,Fall
18-Sep-13,"2,013",9,18,14,21,6,0,0,0,Fall
17-Sep-13,"2,013",9,17,10,16,5,0,0,0,Fall
16-Sep-13,"2,013",9,16,10,15,6,0,0,0,Fall
15-Sep-13,"2,013",9,15,15,19,10,2,0,2,Fall
14-Sep-13,"2,013",9,14,11,17,5,0,0,0,Fall
13-Sep-13,"2,013",9,13,,,,,,,Fall
12-Sep-13,"2,013",9,12,19,24,15,3,0,3,Fall
11-Sep-13,"2,013",9,11,27,33,21,3,0,3,Fall
10-Sep-13,"2,013",9,10,26,34,18,0,0,0,Fall
09-Sep-13,"2,013",9,9,15,21,10,0,0,0,Fall
08-Sep-13,"2,013",9,8,15,20,11,0,0,0,Fall
07-Sep-13,"2,013",9,7,18,21,15,18,0,18,Fall
06-Sep-13,"2,013",9,6,15,23,7,0,0,0,Fall
05-Sep-13,"2,013",9,5,13,18,8,0,0,0,Fall
04-Sep-13,"2,013",9,4,20,26,13,0,0,0,Fall
03-Sep-13,"2,013",9,3,17,22,13,0,0,0,Fall
02-Sep-13,"2,013",9,2,21,25,16,0,0,0,Fall
01-Sep-13,"2,013",9,1,22,25,20,1,0,1,Fall
31-Dec-13,"2,013",12,31,-9,-7,-11,0,1,1,Winter
30-Dec-13,"2,013",12,30,-10,-8,-11,0,0,0,Winter
29-Dec-13,"2,013",12,29,-2,5,-8,0,0,0,Winter
28-Dec-13,"2,013",12,28,3,3,2,0,0,0,Winter
27-Dec-13,"2,013",12,27,-2,2,-6,0,0,0,Winter
26-Dec-13,"2,013",12,26,-4,-1,-7,0,3,3,Winter
25-Dec-13,"2,013",12,25,-10,-4,-17,0,5,2,Winter
24-Dec-13,"2,013",12,24,-12,-8,-16,0,0,0,Winter
23-Dec-13,"2,013",12,23,-4,1,-9,0,0,0,Winter
22-Dec-13,"2,013",12,22,0,2,-3,14,0,14,Winter
21-Dec-13,"2,013",12,21,-1,0,-1,17,0,17,Winter
20-Dec-13,"2,013",12,20,0,1,-1,9,1,10,Winter
19-Dec-13,"2,013",12,19,0,3,-3,0,1,1,Winter
18-Dec-13,"2,013",12,18,-3,-1,-6,0,0,0,Winter
17-Dec-13,"2,013",12,17,-10,-4,-15,0,3,2,Winter
16-Dec-13,"2,013",12,16,-13,-8,-18,0,0,0,Winter
15-Dec-13,"2,013",12,15,-9,-5,-14,0,3,2,Winter
14-Dec-13,"2,013",12,14,-13,-11,-15,0,10,7,Winter
13-Dec-13,"2,013",12,13,-9,-5,-13,0,0,0,Winter
12-Dec-13,"2,013",12,12,-10,-7,-12,0,0,0,Winter
11-Dec-13,"2,013",12,11,-8,-4,-11,0,0,0,Winter
10-Dec-13,"2,013",12,10,-7,-4,-10,0,0,0,Winter
09-Dec-13,"2,013",12,9,-2,1,-4,0,1,2,Winter
08-Dec-13,"2,013",12,8,-5,-1,-9,0,0,0,Winter
07-Dec-13,"2,013",12,7,-5,-1,-8,0,0,0,Winter
06-Dec-13,"2,013",12,6,0,2,-3,0,0,0,Winter
05-Dec-13,"2,013",12,5,9,16,2,0,0,0,Winter
04-Dec-13,"2,013",12,4,3,5,1,3,0,3,Winter
03-Dec-13,"2,013",12,3,0,4,-4,0,0,0,Winter
02-Dec-13,"2,013",12,2,1,3,-1,0,0,0,Winter
01-Dec-13,"2,013",12,1,2,3,1,1,0,1,Winter
